timestamp,endpoint,status_code,response_time_ms
ERROR: CONNECTION RESET BY PEER at 2026-04-17T10:00:04.828000
2026-04-17T10:00:08.416000,/home,400,626
ERROR: CONNECTION RESET BY PEER at 2026-04-17T10:00:09.652000
2026-04-17T10:00:11.468000,/api/v1/users,200,1195
2026-04-17T10:00:11.973000,/api/v1/products,400,685
2026-04-17T10:00:13.061000,/api/v1/users,200,1271
2026-04-17T10:00:14.199000,/api/v1/users,200,1353
2026-04-17T10:00:15.171000,/login,404,888
2026-04-17T10:00:17.899000,/home,502,45
2026-04-17T10:00:21.238000,/api/v1/products,201,1139
2026-04-17T10:00:21.682000,/login,201,163
2026-04-17T10:00:24.140000,/home,400,1120
2026-04-17T10:00:27.090000,/api/v1/products,301,1173
2026-04-17T10:00:32.085000,/checkout,200,752
2026-04-17T10:00:34.674000,/api/v1/users,OK,61
2026-04-17T10:00:37.879000,/checkout,301,594
ERROR: CONNECTION RESET BY PEER at 2026-04-17T10:00:38.654000
2026-04-17T10:00:40.878000,/api/v1/users,200,732
2026-04-17T10:00:45.021000,/api/v1/users,200,1257
2026-04-17T10:00:45.801000,/login,200,294
2026-04-17T10:00:50.026000,/login,404,1135
2026-04-17T10:00:52.187000,/cart,500,1312
17-04-2026 10:00:57,/checkout,201,1391
2026-04-17T10:00:59.831000,/api/v1/users,500,1452
2026-04-17T10:01:04.576000,/checkout,500,584
2026-04-17T10:01:06.745000,/cart,502
2026-04-17T10:01:07.904000,/api/v1/products,201,1421
2026-04-17T10:01:07.952000,/login,200,800
2026-04-17T10:01:10.247000,/cart,503,114
2026-04-17T10:01:14.363000,/cart,503,946
2026-04-17T10:01:17.293000,/api/v1/products,401,958
2026-04-17T10:01:20.149000,/login,OK,759
2026-04-17T10:01:24.789000,/login,502,258
2026-04-17T10:01:25.077000,/cart,200,102
2026-04-17T10:01:26.643000,/checkout,200,84
ERROR: CONNECTION RESET BY PEER at 2026-04-17T10:01:30.045000
2026-04-17T10:01:32.855000,/home,404,1374
2026-04-17T10:01:33.140000,/api/v1/products,400,981
2026-04-17T10:01:35.901000,/api/v1/users,500,111
2026-04-17T10:01:39.277000,/home,200,70
2026-04-17T10:01:41.665000,/login,OK,439
17-04-2026 10:01:43,/home,403,877
2026-04-17T10:01:45.135000,/login,404,516
2026-04-17T10:01:48.073000,/home,503,1134
2026-04-17T10:01:48.524000,/login,404,1171
2026-04-17T10:01:49.868000,/api/v1/users,502,445
2026-04-17T10:01:53.027000,/api/v1/products,500,612
2026-04-17T10:01:54.391000,/api/v1/users,403,21
2026-04-17T10:01:55.142000,/cart,503,301
2026-04-17T10:01:55.637000,/cart,OK,1485
2026-04-17T10:02:00.148000,/api/v1/products,400,1389
2026-04-17T10:02:01.357000,/api/v1/users,403,342
2026-04-17T10:02:01.421000,/cart,403,728
2026-04-17T10:02:05.947000,/api/v1/products,502,1327
2026-04-17T10:02:10.832000,/checkout,400,1136
2026-04-17T10:02:14.740000,/checkout,403,1148
2026-04-17T10:02:16.939000,/home,502,238
ERROR: CONNECTION RESET BY PEER at 2026-04-17T10:02:18.534000
2026-04-17T10:02:21.467000,/checkout,200,905
2026-04-17T10:02:23.932000,/api/v1/users,400,1466
2026-04-17T10:02:25.700000,/login,200,855
2026-04-17T10:02:26.897000,/checkout,301,1281
2026-04-17T10:02:28.206000,/login,200,1308
2026-04-17T10:02:29.755000,/api/v1/users,200
2026-04-17T10:02:31.273000,/checkout,400,1159
2026-04-17T10:02:35.042000,/login,301,301
2026-04-17T10:02:38.005000,/api/v1/users,301,112
2026-04-17T10:02:40.070000,/api/v1/users,200,1363
2026-04-17T10:02:42.908000,/login,201,1146
2026-04-17T10:02:43.330000,/login,401,1342
ERROR: CONNECTION RESET BY PEER at 2026-04-17T10:02:47.020000
2026-04-17T10:02:48.834000,/login,503,797
2026-04-17T10:02:49.999000,/login,200,475
ERROR: CONNECTION RESET BY PEER at 2026-04-17T10:02:54.602000
2026-04-17T10:02:55.892000,/api/v1/users,503,217
2026-04-17T10:02:59.235000,/home,200,804
2026-04-17T10:03:03.287000,/checkout,401,1245
2026-04-17T10:03:06.610000,/cart,502,900
2026-04-17T10:03:08.643000,/login,200,1190
2026-04-17T10:03:13.068000,/home,200,577
2026-04-17T10:03:17.525000,/api/v1/users,401,757
2026-04-17T10:03:19.143000,/login,200,973
2026-04-17T10:03:23.954000,/api/v1/products,500,126
2026-04-17T10:03:28.384000,/cart,500,781
2026-04-17T10:03:32.367000,/api/v1/users,301,625
2026-04-17T10:03:34.191000,/home,200,818
2026-04-17T10:03:34.720000,/home,200,677
2026-04-17T10:03:36.741000,/api/v1/users,201,315
2026-04-17T10:03:36.905000,/cart,400,813
2026-04-17T10:03:37.269000,/home,404,1189
2026-04-17T10:03:38.125000,/login,200,661
2026-04-17T10:03:41.498000,/login,401,1184
2026-04-17T10:03:42.085000,/login,200,765
2026-04-17T10:03:45.461000,/api/v1/products,502,380
2026-04-17T10:03:49.165000,/api/v1/users,200,874
2026-04-17T10:03:51.850000,/checkout,400,229
2026-04-17T10:03:53.497000,/checkout,500,282
2026-04-17T10:03:58.359000,/api/v1/products,200
2026-04-17T10:04:02.670000,/checkout,301,1102
2026-04-17T10:04:04.701000,/api/v1/products,200,1264
2026-04-17T10:04:07.356000,/login,400,1310
2026-04-17T10:04:08.548000,/api/v1/users,200,1316
17-04-2026 10:04:08,/api/v1/users,404,1445
2026-04-17T10:04:11.340000,/login,201,1376
2026-04-17T10:04:12.350000,/cart,200,1070
2026-04-17T10:04:12.825000,/home,200,248
2026-04-17T10:04:17.022000,/home,401,1393
2026-04-17T10:04:18.296000,/checkout,301,448
2026-04-17T10:04:22.458000,/checkout,301,101
2026-04-17T10:04:25.500000,/login,201,943
2026-04-17T10:04:26.005000,/home,502
2026-04-17T10:04:29.842000,/api/v1/products,401,377
2026-04-17T10:04:31.144000,/cart,500,759
2026-04-17T10:04:31.282000,/cart,200,1192
2026-04-17T10:04:36.099000,/home,200,55
17-04-2026 10:04:37,/login,200,459
2026-04-17T10:04:38.436000,/home,200,1148
2026-04-17T10:04:42.583000,/api/v1/products,200,471
2026-04-17T10:04:46.226000,/checkout,301,495
2026-04-17T10:04:50.064000,/cart,403,952
2026-04-17T10:04:53.874000,/home,201,252
17-04-2026 10:04:57,/cart,200,808
2026-04-17T10:05:00.674000,/api/v1/products,503,654
2026-04-17T10:05:00.976000,/checkout,502,679
2026-04-17T10:05:04.679000,/home,403,1420
2026-04-17T10:05:07.582000,/cart,502,983
ERROR: CONNECTION RESET BY PEER at 2026-04-17T10:05:11.790000
2026-04-17T10:05:12.885000,/api/v1/products,404,767
2026-04-17T10:05:13.296000,/api/v1/users,502,822
2026-04-17T10:05:14.225000,/cart,200,642
2026-04-17T10:05:18.068000,/login,200
2026-04-17T10:05:19.071000,/home,200,809
2026-04-17T10:05:23.312000,/checkout,200,395
2026-04-17T10:05:23.921000,/home,200,369
2026-04-17T10:05:24.930000,/api/v1/users,502,1304
17-04-2026 10:05:28,/api/v1/products,200,885
2026-04-17T10:05:33.187000,/api/v1/products,500,1491
2026-04-17T10:05:33.615000,/checkout,503,450
2026-04-17T10:05:36.115000,/home,301,840
2026-04-17T10:05:36.495000,/checkout,200,1070
2026-04-17T10:05:36.687000,/api/v1/products,200,1081
2026-04-17T10:05:38.335000,/login,502,213
2026-04-17T10:05:41.842000,/login,201,1341
ERROR: CONNECTION RESET BY PEER at 2026-04-17T10:05:45.694000
2026-04-17T10:05:47.208000,/api/v1/users,201,344
2026-04-17T10:05:49.410000,/cart,201,1299
2026-04-17T10:05:49.640000,/api/v1/users,200,250
2026-04-17T10:05:52.969000,/home,301,781
2026-04-17T10:05:55.300000,/home,OK,175
2026-04-17T10:05:58.550000,/api/v1/users,400,769
2026-04-17T10:06:01.947000,/home,200,599
2026-04-17T10:06:06.456000,/home,200,936
2026-04-17T10:06:10.387000,/api/v1/products,404,908
2026-04-17T10:06:13.052000,/api/v1/users,404,796
2026-04-17T10:06:14.864000,/api/v1/users,201,542
2026-04-17T10:06:16.758000,/login,201,534
2026-04-17T10:06:19.220000,/api/v1/users,200,633
2026-04-17T10:06:21.101000,/api/v1/users,500,670
2026-04-17T10:06:23.143000,/api/v1/users,401,343
2026-04-17T10:06:23.544000,/cart,200,485
17-04-2026 10:06:26,/api/v1/products,200,231
2026-04-17T10:06:26.904000,/checkout,200,1249
2026-04-17T10:06:30.612000,/cart,301,1130
2026-04-17T10:06:32.008000,/login,503,208
2026-04-17T10:06:33.319000,/cart,502,1107
2026-04-17T10:06:36.052000,/cart,301,893
2026-04-17T10:06:38.353000,/home,500,773
2026-04-17T10:06:40.079000,/login,401,541
2026-04-17T10:06:40.969000,/checkout,200,149
2026-04-17T10:06:45.644000,/api/v1/products,201,1134
2026-04-17T10:06:46.230000,/login,200,703
ERROR: CONNECTION RESET BY PEER at 2026-04-17T10:06:48.247000
17-04-2026 10:06:52,/home,403,1235
2026-04-17T10:06:57.205000,/api/v1/users,502,1125
2026-04-17T10:06:57.432000,/login,500,627
2026-04-17T10:07:01.735000,/cart,503,657
2026-04-17T10:07:01.760000,/checkout,401,141
2026-04-17T10:07:02.848000,/api/v1/users,200,694
ERROR: CONNECTION RESET BY PEER at 2026-04-17T10:07:06.524000
ERROR: CONNECTION RESET BY PEER at 2026-04-17T10:07:11.222000
2026-04-17T10:07:14.964000,/login,200,607
2026-04-17T10:07:16.117000,/home,404,889
2026-04-17T10:07:19.459000,/api/v1/products,301,882
2026-04-17T10:07:23.862000,/login,200,1254
2026-04-17T10:07:24.132000,/api/v1/products,301,805
2026-04-17T10:07:25.741000,/checkout,503,830
2026-04-17T10:07:29.633000,/checkout,200,678
2026-04-17T10:07:32.201000,/checkout,503,108
ERROR: CONNECTION RESET BY PEER at 2026-04-17T10:07:32.296000
2026-04-17T10:07:32.700000,/login,502,1294
2026-04-17T10:07:35.414000,/api/v1/users,404,1267
2026-04-17T10:07:40.403000,/cart,401,665
2026-04-17T10:07:40.952000,/api/v1/products,401,1205
2026-04-17T10:07:41.001000,/home,401,791
2026-04-17T10:07:42.450000,/login,403,473
2026-04-17T10:07:46.547000,/home,301,1032
2026-04-17T10:07:46.731000,/checkout,502,416
2026-04-17T10:07:51.144000,/api/v1/users,301
2026-04-17T10:07:55.123000,/home,400,200
2026-04-17T10:07:58.463000,/home,301,1358
2026-04-17T10:07:59.665000,/api/v1/users,502,214
2026-04-17T10:08:00.863000,/checkout,200,1228
2026-04-17T10:08:04.551000,/cart,401,224
2026-04-17T10:08:05.750000,/cart,301,115
2026-04-17T10:08:05.913000,/home,401,1245
2026-04-17T10:08:09.763000,/login,301,183
2026-04-17T10:08:10.244000,/api/v1/users,200,1058
ERROR: CONNECTION RESET BY PEER at 2026-04-17T10:08:12.248000
2026-04-17T10:08:15.651000,/cart,200,26
2026-04-17T10:08:17.828000,/home,400
2026-04-17T10:08:21.226000,/cart,404,521
2026-04-17T10:08:22.972000,/api/v1/users,403,496
2026-04-17T10:08:26.461000,/api/v1/products,200,798
2026-04-17T10:08:29.822000,/api/v1/products,403,869
2026-04-17T10:08:33.475000,/cart,503,653
2026-04-17T10:08:35.021000,/home,403,254
2026-04-17T10:08:35.496000,/api/v1/users,201,182
2026-04-17T10:08:37.832000,/checkout,200,1032
2026-04-17T10:08:42.377000,/cart,200,599
2026-04-17T10:08:45.523000,/home,201,318
2026-04-17T10:08:46.054000,/api/v1/products,502,119
2026-04-17T10:08:50.425000,/api/v1/products,403,1419
2026-04-17T10:08:54.239000,/home,502,701
2026-04-17T10:08:56.117000,/home,200,355
ERROR: CONNECTION RESET BY PEER at 2026-04-17T10:08:57.767000
2026-04-17T10:08:59.107000,/api/v1/products,503,214
2026-04-17T10:09:01.935000,/api/v1/products,403
2026-04-17T10:09:05.403000,/home,200,568
2026-04-17T10:09:06.890000,/api/v1/products,200,1336
2026-04-17T10:09:10.660000,/home,503,333
2026-04-17T10:09:13.602000,/api/v1/users,201,1215
2026-04-17T10:09:15.058000,/checkout,502,799
2026-04-17T10:09:15.116000,/api/v1/products,400,69
2026-04-17T10:09:17.731000,/api/v1/users,503,912
2026-04-17T10:09:21.509000,/api/v1/products,301,55
2026-04-17T10:09:25.457000,/api/v1/products,200,1360
2026-04-17T10:09:28.819000,/api/v1/users,401,130
2026-04-17T10:09:30.664000,/api/v1/products,200,1336
2026-04-17T10:09:35.495000,/home,200,96
2026-04-17T10:09:38.237000,/api/v1/users,201,794
2026-04-17T10:09:38.475000,/login,301,228
2026-04-17T10:09:39.244000,/api/v1/products,200,562
2026-04-17T10:09:39.844000,/checkout,403,1089
17-04-2026 10:09:41,/checkout,200,1311
2026-04-17T10:09:46.303000,/login,503,540
2026-04-17T10:09:51.057000,/login,503,287
2026-04-17T10:09:54.843000,/api/v1/products,200,974
2026-04-17T10:09:58.082000,/home,502,526
2026-04-17T10:09:59.920000,/cart,502,650
2026-04-17T10:10:04.245000,/api/v1/products,404,864
17-04-2026 10:10:09,/login,500,389
ERROR: CONNECTION RESET BY PEER at 2026-04-17T10:10:09.365000
2026-04-17T10:10:12.704000,/api/v1/products,403,525
2026-04-17T10:10:17.640000,/login,401,646
2026-04-17T10:10:19.004000,/api/v1/users,401,913
2026-04-17T10:10:21.032000,/api/v1/users,403,184
2026-04-17T10:10:23.697000,/home,400,767
2026-04-17T10:10:24.285000,/api/v1/products,201,380
2026-04-17T10:10:24.554000,/api/v1/users,502,287
2026-04-17T10:10:27.053000,/api/v1/products,200,257
2026-04-17T10:10:29.144000,/api/v1/products,400,1041
2026-04-17T10:10:33.276000,/cart,403,971
2026-04-17T10:10:35.620000,/checkout,200,639
2026-04-17T10:10:39.763000,/home,201,232
2026-04-17T10:10:40.623000,/api/v1/users,403,900
2026-04-17T10:10:42.585000,/api/v1/products,403,187
17-04-2026 10:10:47,/cart,200,162
2026-04-17T10:10:50.101000,/checkout,401,783
2026-04-17T10:10:51.026000,/home,200,754
2026-04-17T10:10:51.440000,/api/v1/products,200,620
2026-04-17T10:10:54.539000,/api/v1/products,200,413
2026-04-17T10:10:54.780000,/login,301,924
2026-04-17T10:10:56.088000,/api/v1/products,301,905
2026-04-17T10:10:56.931000,/api/v1/users,403,1356
2026-04-17T10:10:57.771000,/cart,200,761
2026-04-17T10:11:00.212000,/checkout,201,1081
2026-04-17T10:11:03.854000,/login,400,493
2026-04-17T10:11:05.599000,/login,502,1349
2026-04-17T10:11:07.786000,/api/v1/products,500,1116
2026-04-17T10:11:11.905000,/checkout,400,1283
2026-04-17T10:11:13.174000,/checkout,200,237
2026-04-17T10:11:16.354000,/cart,200,685
2026-04-17T10:11:19.682000,/login,200,810
2026-04-17T10:11:22.236000,/api/v1/users,404,556
2026-04-17T10:11:23.176000,/home,201,288
2026-04-17T10:11:28.099000,/cart,403,1225
2026-04-17T10:11:28.629000,/login,403,249
2026-04-17T10:11:31.559000,/home,301,144
2026-04-17T10:11:34.439000,/api/v1/users,200,555
2026-04-17T10:11:34.917000,/api/v1/users,200
2026-04-17T10:11:35.756000,/api/v1/users,503,218
2026-04-17T10:11:38.714000,/home,200,843
2026-04-17T10:11:42.616000,/login,502,216
2026-04-17T10:11:46.128000,/checkout,201,1472
2026-04-17T10:11:49.183000,/checkout,400,1344
2026-04-17T10:11:51.948000,/cart,200,1181
2026-04-17T10:11:53.029000,/login,301,1086
2026-04-17T10:11:53.686000,/cart,403,250
2026-04-17T10:11:53.779000,/checkout,201,90
2026-04-17T10:11:54.447000,/login,201,719
2026-04-17T10:11:55.959000,/home,200,105
2026-04-17T10:11:57.517000,/home,OK,1327
2026-04-17T10:12:00.415000,/api/v1/users,201,1052
17-04-2026 10:12:02,/login,200,995
2026-04-17T10:12:03.942000,/cart,200,498
2026-04-17T10:12:04.918000,/api/v1/products,301,976
2026-04-17T10:12:08.128000,/login,OK,1308
2026-04-17T10:12:11.170000,/cart,200,874
2026-04-17T10:12:11.205000,/checkout,404,328
2026-04-17T10:12:11.835000,/home,401,1015
2026-04-17T10:12:12.772000,/login,200,67
2026-04-17T10:12:15.016000,/login,403,1155
2026-04-17T10:12:18.313000,/cart,404,26
2026-04-17T10:12:21.154000,/cart,200,400
2026-04-17T10:12:24.544000,/cart,200,714
2026-04-17T10:12:24.598000,/api/v1/users,500,446
2026-04-17T10:12:25.275000,/login,200,174
2026-04-17T10:12:28.616000,/login,500
2026-04-17T10:12:30.826000,/api/v1/products,503,917
17-04-2026 10:12:35,/api/v1/users,200,227
2026-04-17T10:12:39.552000,/api/v1/products,200,346
2026-04-17T10:12:42.798000,/home,502,1086
2026-04-17T10:12:44.811000,/api/v1/products,200,650
2026-04-17T10:12:47.107000,/api/v1/users,OK,1410
2026-04-17T10:12:51.854000,/checkout,301,711
2026-04-17T10:12:52.580000,/api/v1/products,401,926
2026-04-17T10:12:55.284000,/home,500,324
ERROR: CONNECTION RESET BY PEER at 2026-04-17T10:12:59.365000
2026-04-17T10:13:01.012000,/checkout,201,1113
ERROR: CONNECTION RESET BY PEER at 2026-04-17T10:13:01.749000
2026-04-17T10:13:01.764000,/home,201,475
2026-04-17T10:13:06.696000,/api/v1/users,200,263
2026-04-17T10:13:08.152000,/cart,401,636
2026-04-17T10:13:08.352000,/login,200,227
2026-04-17T10:13:11.167000,/api/v1/products,503,270
17-04-2026 10:13:15,/cart,500,1038
17-04-2026 10:13:18,/home,400,1083
2026-04-17T10:13:18.850000,/api/v1/products,401,107
2026-04-17T10:13:22.631000,/api/v1/products,200,460
2026-04-17T10:13:23.663000,/api/v1/users,200,704
2026-04-17T10:13:26.539000,/home,502
2026-04-17T10:13:28.942000,/login,400,532
2026-04-17T10:13:31.206000,/api/v1/users,400,1333
2026-04-17T10:13:34.012000,/login,400,454
17-04-2026 10:13:36,/api/v1/products,401,496
2026-04-17T10:13:41.856000,/api/v1/products,503,418
2026-04-17T10:13:42.765000,/checkout,200
2026-04-17T10:13:45.246000,/login,200,491
2026-04-17T10:13:46.850000,/home,200,953
ERROR: CONNECTION RESET BY PEER at 2026-04-17T10:13:49.961000
2026-04-17T10:13:50.659000,/api/v1/users,201,457
17-04-2026 10:13:54,/login,403,325
2026-04-17T10:13:57.208000,/home,201,1140
2026-04-17T10:13:59.551000,/cart,502,1447
2026-04-17T10:14:00.304000,/cart,400,143
2026-04-17T10:14:04.598000,/checkout,200,870
2026-04-17T10:14:06.495000,/cart,201,548
2026-04-17T10:14:11.076000,/home,400,548
2026-04-17T10:14:13.669000,/login,400,554
2026-04-17T10:14:16.973000,/api/v1/products,502,284
2026-04-17T10:14:21.222000,/api/v1/products,400,827
2026-04-17T10:14:25.276000,/checkout,400,210
2026-04-17T10:14:27.890000,/cart,200,725
2026-04-17T10:14:27.965000,/api/v1/products,201,582
2026-04-17T10:14:28.293000,/checkout,403,912
2026-04-17T10:14:31.019000,/home,404,434
2026-04-17T10:14:32.665000,/api/v1/users,200,1000
2026-04-17T10:14:34.625000,/checkout,200,64
2026-04-17T10:14:35.911000,/login,403,999
2026-04-17T10:14:39.656000,/api/v1/products,301,280
2026-04-17T10:14:41.447000,/login,400,1468
2026-04-17T10:14:42.841000,/api/v1/users,403,597
2026-04-17T10:14:46.781000,/checkout,400,490
2026-04-17T10:14:51.050000,/login,OK,1013
2026-04-17T10:14:55.024000,/api/v1/users,502,175
2026-04-17T10:14:57.769000,/api/v1/products,200,848
2026-04-17T10:15:02.043000,/cart,200,1348
2026-04-17T10:15:05.771000,/login,401,206
2026-04-17T10:15:08.276000,/api/v1/products,401,310
17-04-2026 10:15:09,/checkout,200,1006
ERROR: CONNECTION RESET BY PEER at 2026-04-17T10:15:10.151000
2026-04-17T10:15:10.941000,/login,401,732
2026-04-17T10:15:11.625000,/home,200,208
2026-04-17T10:15:14,/checkout,301,1280
2026-04-17T10:15:17.211000,/checkout,301,1403
2026-04-17T10:15:17.229000,/login,301,1263
2026-04-17T10:15:17.368000,/login,401,1461
2026-04-17T10:15:22.044000,/checkout,401,456
2026-04-17T10:15:22.946000,/api/v1/products,301,354
2026-04-17T10:15:26.310000,/home,201,490
2026-04-17T10:15:30.194000,/checkout,401,904
2026-04-17T10:15:31.443000,/home,500,642
2026-04-17T10:15:33.583000,/login,503,753
2026-04-17T10:15:34.142000,/api/v1/users,503,526
2026-04-17T10:15:36.100000,/cart,503,110
17-04-2026 10:15:39,/api/v1/users,200,1235
2026-04-17T10:15:40.861000,/api/v1/products,400,1479
2026-04-17T10:15:41.369000,/home,301,372
2026-04-17T10:15:45.617000,/home,301,1306
2026-04-17T10:15:48.715000,/api/v1/users,401,688
2026-04-17T10:15:50.562000,/checkout,201,688
2026-04-17T10:15:51.126000,/api/v1/users,200,649
2026-04-17T10:15:55.497000,/api/v1/products,OK,1187
2026-04-17T10:15:56.146000,/checkout,200,333
2026-04-17T10:15:59.305000,/login,201,1064
2026-04-17T10:16:00.310000,/home,502,238
2026-04-17T10:16:05.137000,/login,404,379
2026-04-17T10:16:05.407000,/home,301,36
2026-04-17T10:16:07.639000,/checkout,403,516
ERROR: CONNECTION RESET BY PEER at 2026-04-17T10:16:10.762000
2026-04-17T10:16:15.239000,/checkout,301,859
2026-04-17T10:16:16.763000,/home,500,620
17-04-2026 10:16:19,/api/v1/products,401,486
2026-04-17T10:16:20.406000,/api/v1/users,503,100
2026-04-17T10:16:24.786000,/api/v1/products,502,606
2026-04-17T10:16:26.505000,/login,301,115
2026-04-17T10:16:29.516000,/api/v1/users,200,1246
2026-04-17T10:16:32.316000,/home,503,1372
2026-04-17T10:16:33.344000,/home,503,1091
2026-04-17T10:16:34.970000,/api/v1/products,404,62
2026-04-17T10:16:39.047000,/api/v1/users,201,460
2026-04-17T10:16:43.174000,/api/v1/products,500,1339
2026-04-17T10:16:47.653000,/cart,401,589
2026-04-17T10:16:49.008000,/api/v1/users,200,573
2026-04-17T10:16:52.223000,/home,200,178
2026-04-17T10:16:54.324000,/api/v1/products,403
2026-04-17T10:16:57.040000,/home,400,863
2026-04-17T10:16:58.840000,/cart,200,629
2026-04-17T10:17:02.450000,/api/v1/users,404,601
2026-04-17T10:17:04.153000,/api/v1/products,301,359
2026-04-17T10:17:07.309000,/home,200,1181
2026-04-17T10:17:11.951000,/home,403,498
2026-04-17T10:17:12.158000,/api/v1/products,404,527
ERROR: CONNECTION RESET BY PEER at 2026-04-17T10:17:17.123000
2026-04-17T10:17:17.325000,/api/v1/users,200,935
2026-04-17T10:17:21.584000,/cart,503,285
2026-04-17T10:17:21.723000,/api/v1/users,OK,164
17-04-2026 10:17:25,/cart,200,307
2026-04-17T10:17:27.555000,/checkout,503,589
2026-04-17T10:17:30.856000,/checkout,403,921
2026-04-17T10:17:33.277000,/api/v1/products,200,645
2026-04-17T10:17:33.945000,/login,200,494
2026-04-17T10:17:34.321000,/api/v1/users,401,1165
2026-04-17T10:17:36.506000,/cart,503,1323
2026-04-17T10:17:40.430000,/home,200,359
2026-04-17T10:17:42.887000,/api/v1/users,401,709
2026-04-17T10:17:47.303000,/checkout,503,206
2026-04-17T10:17:51.639000,/cart,404,185
2026-04-17T10:17:53.412000,/checkout,301,787
2026-04-17T10:17:58.298000,/home,500,76
2026-04-17T10:18:01.926000,/home,201,1497
2026-04-17T10:18:06.364000,/home,200,1392
17-04-2026 10:18:07,/login,200,872
2026-04-17T10:18:12.359000,/cart,503,322
2026-04-17T10:18:14.171000,/home,200,294
2026-04-17T10:18:15.129000,/login,502,801
2026-04-17T10:18:16.066000,/api/v1/users,201,496
2026-04-17T10:18:19.343000,/home,201,1206
2026-04-17T10:18:23.859000,/login,401,1265
2026-04-17T10:18:26.511000,/api/v1/products,200,23
2026-04-17T10:18:26.746000,/api/v1/users,502,1030
2026-04-17T10:18:28.277000,/cart,400,459
2026-04-17T10:18:29.097000,/api/v1/users,200,21
2026-04-17T10:18:32.538000,/login,404,886
2026-04-17T10:18:35.267000,/api/v1/products,401,1049
2026-04-17T10:18:39.514000,/api/v1/products,201,1330
2026-04-17T10:18:42.796000,/home,404
2026-04-17T10:18:43.648000,/cart,404,882
2026-04-17T10:18:47.118000,/api/v1/users,404,106
2026-04-17T10:18:51.713000,/checkout,200,718
2026-04-17T10:18:54.027000,/checkout,401,224
2026-04-17T10:18:55.736000,/api/v1/users,403,1397
2026-04-17T10:19:00.734000,/cart,200,1432
2026-04-17T10:19:02.424000,/login,200,1063
2026-04-17T10:19:06.895000,/api/v1/users,401
2026-04-17T10:19:10.432000,/api/v1/users,200,329
2026-04-17T10:19:13.797000,/checkout,400,981
2026-04-17T10:19:15.819000,/checkout,301,223
2026-04-17T10:19:17.675000,/cart,500,194
2026-04-17T10:19:19.011000,/home,500,337
2026-04-17T10:19:19.746000,/api/v1/products,502,663
2026-04-17T10:19:22.692000,/api/v1/users,200,910
2026-04-17T10:19:24.849000,/api/v1/products,OK,1406
17-04-2026 10:19:29,/checkout,503,1248
2026-04-17T10:19:33.793000,/api/v1/products,503,1357
2026-04-17T10:19:37.838000,/api/v1/products,401,600
2026-04-17T10:19:42.558000,/login,200,350
ERROR: CONNECTION RESET BY PEER at 2026-04-17T10:19:45.045000
2026-04-17T10:19:48.750000,/cart,401,778
2026-04-17T10:19:49.375000,/checkout,201,1272
2026-04-17T10:19:53.447000,/login,404,583
2026-04-17T10:19:55.507000,/api/v1/users,503,55
2026-04-17T10:19:59.048000,/home,401,678
2026-04-17T10:20:01.118000,/home,301,696
2026-04-17T10:20:04.701000,/cart,301,1500
2026-04-17T10:20:05.460000,/login,301,1427
2026-04-17T10:20:07.940000,/cart,401,880
2026-04-17T10:20:11.779000,/cart,200,769
2026-04-17T10:20:11.937000,/api/v1/products,200,999
2026-04-17T10:20:16.362000,/cart,502,768
2026-04-17T10:20:16.467000,/api/v1/users,400,621
2026-04-17T10:20:21.322000,/login,401,1028
2026-04-17T10:20:24.052000,/home,502,239
2026-04-17T10:20:24.291000,/api/v1/products,200,973
2026-04-17T10:20:25.289000,/login,503,683
2026-04-17T10:20:26.984000,/home,OK,119
2026-04-17T10:20:31.448000,/home,201,443
2026-04-17T10:20:35.555000,/login,200,62
2026-04-17T10:20:36.307000,/api/v1/users,404,1476
2026-04-17T10:20:38.693000,/home,201,209
2026-04-17T10:20:41.727000,/login,200,22
2026-04-17T10:20:44.731000,/api/v1/users,301,1194
2026-04-17T10:20:46.214000,/api/v1/products,400,845
2026-04-17T10:20:50.839000,/api/v1/products,500,38
2026-04-17T10:20:55.582000,/checkout,200,205
2026-04-17T10:20:59.490000,/api/v1/products,200,879
2026-04-17T10:21:02.910000,/api/v1/products,503,1417
2026-04-17T10:21:04.085000,/login,404,1304
2026-04-17T10:21:07.324000,/api/v1/users,201,674
2026-04-17T10:21:11.535000,/cart,500,1480
2026-04-17T10:21:14.326000,/home,301,947
2026-04-17T10:21:18.111000,/checkout,201,1097
2026-04-17T10:21:21.378000,/api/v1/products,200,1420
2026-04-17T10:21:23.922000,/api/v1/users,200,540
ERROR: CONNECTION RESET BY PEER at 2026-04-17T10:21:28.502000
2026-04-17T10:21:28.703000,/checkout,200,1187
2026-04-17T10:21:31.772000,/api/v1/users,200,246
2026-04-17T10:21:36.678000,/api/v1/products,201,350
2026-04-17T10:21:37.691000,/checkout,201,183
2026-04-17T10:21:41.241000,/cart,503,209
17-04-2026 10:21:44,/api/v1/users,201,1302
2026-04-17T10:21:46.574000,/api/v1/users,404,1495
2026-04-17T10:21:47.568000,/cart,400,63
2026-04-17T10:21:50.189000,/api/v1/products,200,1097
2026-04-17T10:21:54.489000,/home,500,1099
2026-04-17T10:21:59.291000,/checkout,200,426
2026-04-17T10:21:59.676000,/checkout,200,563
2026-04-17T10:22:02.256000,/cart,403,1471
2026-04-17T10:22:06.253000,/cart,301,1479
2026-04-17T10:22:10.224000,/cart,403,50
2026-04-17T10:22:13.753000,/cart,403,435
2026-04-17T10:22:15.857000,/api/v1/products,OK,1117
2026-04-17T10:22:20.500000,/checkout,200,623
2026-04-17T10:22:21.540000,/login,502,631
2026-04-17T10:22:22.381000,/home,403,364
17-04-2026 10:22:26,/api/v1/users,404,1464
2026-04-17T10:22:30.978000,/home,301,451
2026-04-17T10:22:35.390000,/cart,400,949
2026-04-17T10:22:39.711000,/home,502,75
2026-04-17T10:22:43.475000,/checkout,401,695
2026-04-17T10:22:47.345000,/api/v1/users,200,1014
17-04-2026 10:22:49,/checkout,401,275
2026-04-17T10:22:50.129000,/checkout,502,1175
2026-04-17T10:22:53.177000,/cart,200,253
2026-04-17T10:22:57.689000,/login,200,344
2026-04-17T10:22:59.605000,/checkout,401,1217
2026-04-17T10:23:03.729000,/login,301,297
2026-04-17T10:23:05.804000,/login,403,118
2026-04-17T10:23:08.581000,/api/v1/users,OK,76
2026-04-17T10:23:11.992000,/cart,401,1389
2026-04-17T10:23:14.505000,/home,403,131
2026-04-17T10:23:17.179000,/home,404,898
2026-04-17T10:23:17.532000,/home,500,1095
2026-04-17T10:23:22.010000,/cart,502,668
2026-04-17T10:23:22.684000,/api/v1/users,301,1345
ERROR: CONNECTION RESET BY PEER at 2026-04-17T10:23:27.580000
2026-04-17T10:23:32.008000,/api/v1/users,500,1226
2026-04-17T10:23:36.056000,/api/v1/products,403,1203
2026-04-17T10:23:40.633000,/checkout,404,428
17-04-2026 10:23:41,/api/v1/users,200,1218
2026-04-17T10:23:42.427000,/cart,500,742
2026-04-17T10:23:46.418000,/api/v1/users,200
2026-04-17T10:23:50.947000,/login,403,509
2026-04-17T10:23:55.074000,/home,401,497
2026-04-17T10:23:59.387000,/api/v1/users,503,595
2026-04-17T10:24:01.292000,/api/v1/users,200,822
2026-04-17T10:24:02.773000,/cart,201,60
2026-04-17T10:24:04.047000,/api/v1/products,200
2026-04-17T10:24:04.148000,/checkout,400,1240
2026-04-17T10:24:08.143000,/home,200,160
2026-04-17T10:24:09.908000,/api/v1/products,200,1482
2026-04-17T10:24:10.448000,/api/v1/products,503,1110
17-04-2026 10:24:14,/cart,502,1214
2026-04-17T10:24:16.215000,/cart,200,1008
17-04-2026 10:24:16,/cart,200,485
2026-04-17T10:24:20.198000,/home,403,496
2026-04-17T10:24:21.730000,/api/v1/products,200,1202
2026-04-17T10:24:25.241000,/checkout,200,1340
2026-04-17T10:24:26.548000,/home,301,685
2026-04-17T10:24:28.548000,/api/v1/products,403,1038
2026-04-17T10:24:33.271000,/login,201,212
2026-04-17T10:24:33.660000,/home,201,293
2026-04-17T10:24:34.319000,/api/v1/users,400,190
2026-04-17T10:24:39.132000,/api/v1/users,401,1240
2026-04-17T10:24:42.091000,/api/v1/products,404,653
2026-04-17T10:24:46.509000,/api/v1/products,400,542
2026-04-17T10:24:46.860000,/login,400,523
2026-04-17T10:24:48.782000,/checkout,503,1095
2026-04-17T10:24:52.824000,/login,200,376
2026-04-17T10:24:54.681000,/login,200,423
2026-04-17T10:24:58.334000,/cart,400,211
2026-04-17T10:25:01.922000,/api/v1/products,200,583
2026-04-17T10:25:06.529000,/login,401,642
2026-04-17T10:25:11.214000,/login,400,1153
2026-04-17T10:25:12.323000,/api/v1/users,301,1341
2026-04-17T10:25:14.738000,/api/v1/users,200,1381
2026-04-17T10:25:19.609000,/home,301,27
2026-04-17T10:25:20.345000,/home,301,275
2026-04-17T10:25:23.143000,/checkout,200,457
2026-04-17T10:25:24.317000,/home,200,1478
2026-04-17T10:25:25.068000,/login,500,196
2026-04-17T10:25:25.175000,/api/v1/products,200,716
2026-04-17T10:25:26.763000,/checkout,200,63
2026-04-17T10:25:28.031000,/api/v1/users,200,632
2026-04-17T10:25:30.612000,/cart,401,559
2026-04-17T10:25:31.922000,/cart,400
2026-04-17T10:25:33.260000,/api/v1/products,500
2026-04-17T10:25:35.206000,/cart,200,1201
2026-04-17T10:25:38.985000,/cart,403,144
2026-04-17T10:25:42.258000,/login,200,243
ERROR: CONNECTION RESET BY PEER at 2026-04-17T10:25:46.122000
2026-04-17T10:25:47.722000,/login,200,510
ERROR: CONNECTION RESET BY PEER at 2026-04-17T10:25:52.285000
2026-04-17T10:25:54.505000,/cart,403,534
2026-04-17T10:25:56.574000,/cart,200,1435
2026-04-17T10:26:01.260000,/api/v1/products,404,549
2026-04-17T10:26:02.623000,/api/v1/users,403,1110
2026-04-17T10:26:04.408000,/home,500,309
2026-04-17T10:26:08.687000,/api/v1/users,200,22
2026-04-17T10:26:11.799000,/cart,400,604
2026-04-17T10:26:12.731000,/home,403,634
2026-04-17T10:26:14.717000,/login,400,1309
2026-04-17T10:26:17.504000,/api/v1/products,400,739
2026-04-17T10:26:20.291000,/api/v1/products,400,1183
2026-04-17T10:26:24.294000,/api/v1/users,503,512
2026-04-17T10:26:26.368000,/login,400,48
2026-04-17T10:26:27.397000,/home,401,613
2026-04-17T10:26:27.635000,/login,503,1039
2026-04-17T10:26:30.337000,/cart,503,196
2026-04-17T10:26:32.114000,/checkout,401,69
2026-04-17T10:26:36.161000,/checkout,201,169
2026-04-17T10:26:37.837000,/api/v1/users,503,1142
2026-04-17T10:26:39.078000,/home,401,1165
2026-04-17T10:26:41.188000,/login,301,1067
2026-04-17T10:26:42.810000,/login,OK,376
2026-04-17T10:26:47.333000,/cart,502,1004
2026-04-17T10:26:48.327000,/api/v1/products,200,868
ERROR: CONNECTION RESET BY PEER at 2026-04-17T10:26:49.874000
2026-04-17T10:26:51.422000,/home,401,1102
2026-04-17T10:26:51.999000,/cart,404,153
2026-04-17T10:26:52.851000,/login,201,395
2026-04-17T10:26:57.053000,/api/v1/products,301,420
2026-04-17T10:26:59.372000,/cart,200,865
2026-04-17T10:27:02.922000,/api/v1/products,200,329
2026-04-17T10:27:06.711000,/api/v1/users,401,754
2026-04-17T10:27:09.757000,/api/v1/products,201,854
2026-04-17T10:27:13.219000,/api/v1/products,403,158
2026-04-17T10:27:16.834000,/api/v1/products,200,1123
2026-04-17T10:27:19.084000,/login,200
2026-04-17T10:27:22.118000,/api/v1/products,201,413
2026-04-17T10:27:22.272000,/checkout,200,180
2026-04-17T10:27:26.107000,/cart,201,1193
2026-04-17T10:27:27.033000,/api/v1/products,200,811
2026-04-17T10:27:27.670000,/cart,201,1237
2026-04-17T10:27:29.128000,/checkout,503,618
2026-04-17T10:27:30.053000,/api/v1/users,403,1347
ERROR: CONNECTION RESET BY PEER at 2026-04-17T10:27:32.231000
2026-04-17T10:27:36.227000,/api/v1/users,503,312
2026-04-17T10:27:40.665000,/checkout,403,433
2026-04-17T10:27:40.773000,/api/v1/products,404,850
2026-04-17T10:27:42.261000,/cart,200,1161
2026-04-17T10:27:42.468000,/cart,201,156
2026-04-17T10:27:42.539000,/cart,301,962
2026-04-17T10:27:44.697000,/login,503,452
2026-04-17T10:27:47.206000,/api/v1/users,404,540
2026-04-17T10:27:49.498000,/login,200,902
2026-04-17T10:27:54.184000,/home,200,234
2026-04-17T10:27:54.248000,/api/v1/users,502,587
2026-04-17T10:27:56.490000,/checkout,200,568
2026-04-17T10:28:01.294000,/checkout,201,1388
2026-04-17T10:28:01.307000,/home,200,1051
2026-04-17T10:28:04.286000,/login,502,651
2026-04-17T10:28:05.415000,/login,200,1196
2026-04-17T10:28:06.786000,/login,500,409
2026-04-17T10:28:11.749000,/login,200,1247
2026-04-17T10:28:12.587000,/api/v1/users,500,1059
2026-04-17T10:28:17.460000,/api/v1/users,200,793
2026-04-17T10:28:17.733000,/api/v1/products,502,1203
2026-04-17T10:28:18.948000,/login,401,529
2026-04-17T10:28:23.519000,/api/v1/products,200,1029
2026-04-17T10:28:28.174000,/cart,503,1083
2026-04-17T10:28:28.926000,/home,502,481
17-04-2026 10:28:28,/login,301,261
2026-04-17T10:28:33.636000,/cart,502,387
2026-04-17T10:28:36.249000,/api/v1/products,503,553
2026-04-17T10:28:39.152000,/cart,404,312
2026-04-17T10:28:41.805000,/checkout,502,784
2026-04-17T10:28:45.121000,/api/v1/users,OK,1106
2026-04-17T10:28:45.555000,/login,403,1330
2026-04-17T10:28:47.183000,/cart,404,606
2026-04-17T10:28:47.834000,/home,400,760
2026-04-17T10:28:52.536000,/api/v1/products,401,475
2026-04-17T10:28:56.794000,/api/v1/users,400,1225
2026-04-17T10:28:58.888000,/checkout,200,441
2026-04-17T10:29:00.275000,/login,400,1451
2026-04-17T10:29:01.346000,/api/v1/users,502,1114
2026-04-17T10:29:02.399000,/checkout,301,260
ERROR: CONNECTION RESET BY PEER at 2026-04-17T10:29:05.704000
2026-04-17T10:29:10.601000,/checkout,500,712
2026-04-17T10:29:11.724000,/checkout,403,453
2026-04-17T10:29:15.135000,/home,404,880
17-04-2026 10:29:15,/api/v1/users,200,1122
2026-04-17T10:29:18.484000,/api/v1/products,200,898
2026-04-17T10:29:21.913000,/checkout,404,1461
2026-04-17T10:29:23.959000,/home,503,1350
2026-04-17T10:29:24.382000,/api/v1/users,200,1024
17-04-2026 10:29:25,/api/v1/products,401,1193
2026-04-17T10:29:29.209000,/home,200,1003
ERROR: CONNECTION RESET BY PEER at 2026-04-17T10:29:32.719000
2026-04-17T10:29:33.496000,/checkout,201,1151
2026-04-17T10:29:35.769000,/api/v1/products,503,906
2026-04-17T10:29:36.726000,/login,403,388
2026-04-17T10:29:36.778000,/api/v1/users,401,1107
2026-04-17T10:29:41.761000,/login,502,1174
2026-04-17T10:29:42.093000,/home,403,1139
2026-04-17T10:29:42.221000,/api/v1/products,500,498
2026-04-17T10:29:46.828000,/login,503,455
2026-04-17T10:29:48.254000,/checkout,500,165
ERROR: CONNECTION RESET BY PEER at 2026-04-17T10:29:51.623000
2026-04-17T10:29:54.074000,/home,200,1142
2026-04-17T10:29:58.056000,/cart,500,1011
2026-04-17T10:29:59.353000,/checkout,200,1252
2026-04-17T10:30:00.523000,/home,200,291
2026-04-17T10:30:02.067000,/api/v1/products,200,413
2026-04-17T10:30:03.232000,/home,200,293
2026-04-17T10:30:04.352000,/cart,502,1018
17-04-2026 10:30:05,/checkout,400,924
2026-04-17T10:30:06.044000,/cart,401,691
2026-04-17T10:30:07.876000,/api/v1/users,400,48
2026-04-17T10:30:10.686000,/home,OK,900
2026-04-17T10:30:11.487000,/api/v1/products,500,243
2026-04-17T10:30:15.570000,/login,401,263
2026-04-17T10:30:18.813000,/checkout,301,1153
2026-04-17T10:30:21.627000,/checkout,401,1215
2026-04-17T10:30:25.375000,/api/v1/products,301,1464
2026-04-17T10:30:30.248000,/cart,500,436
2026-04-17T10:30:32.249000,/cart,400,284
2026-04-17T10:30:35.581000,/api/v1/users,201,944
2026-04-17T10:30:35.923000,/api/v1/products,400,1018
2026-04-17T10:30:40.391000,/api/v1/users,500,1362
2026-04-17T10:30:41.808000,/login,403,1044
2026-04-17T10:30:42.239000,/checkout,503,1237
2026-04-17T10:30:46.291000,/home,401,57
2026-04-17T10:30:46.409000,/checkout,500
2026-04-17T10:30:46.986000,/checkout,OK,1474
2026-04-17T10:30:49.165000,/home,400,778
2026-04-17T10:30:51.182000,/api/v1/users,201,1261
2026-04-17T10:30:51.579000,/home,404,1189
2026-04-17T10:30:56.149000,/login,200,1434
2026-04-17T10:30:58.754000,/api/v1/products,404,98
2026-04-17T10:31:01.500000,/checkout,502,440
2026-04-17T10:31:05.616000,/cart,301,774
2026-04-17T10:31:10.011000,/api/v1/users,403,878
2026-04-17T10:31:12.145000,/home,401,462
2026-04-17T10:31:16.049000,/home,OK,1253
2026-04-17T10:31:17.825000,/api/v1/users,301,192
2026-04-17T10:31:18.286000,/cart,200,302
2026-04-17T10:31:19.725000,/login,500,125
2026-04-17T10:31:22.225000,/cart,200,1006
17-04-2026 10:31:26,/login,200,213
2026-04-17T10:31:27.285000,/api/v1/users,200,329
2026-04-17T10:31:28.245000,/api/v1/users,500,282
2026-04-17T10:31:30.318000,/home,200,282
2026-04-17T10:31:35.304000,/home,201,129
2026-04-17T10:31:38.751000,/api/v1/products,200,362
2026-04-17T10:31:40.876000,/api/v1/users,200,1385
2026-04-17T10:31:42.371000,/home,OK,796
2026-04-17T10:31:45.961000,/home,200,752
2026-04-17T10:31:48.093000,/cart,400,1495
2026-04-17T10:31:52.724000,/api/v1/users,201,911
17-04-2026 10:31:52,/home,500,472
2026-04-17T10:31:56.100000,/login,503,885
2026-04-17T10:31:59.139000,/cart,401,307
2026-04-17T10:32:01.695000,/api/v1/users,200,34
2026-04-17T10:32:06.094000,/cart,502,675
2026-04-17T10:32:09.406000,/api/v1/users,401,1204
2026-04-17T10:32:10.367000,/home,200,43
2026-04-17T10:32:14.913000,/checkout,401,805
2026-04-17T10:32:17.349000,/cart,200,835
ERROR: CONNECTION RESET BY PEER at 2026-04-17T10:32:19.191000
2026-04-17T10:32:19.911000,/login,200,477
2026-04-17T10:32:23.329000,/checkout,401,884
2026-04-17T10:32:27.655000,/api/v1/users,503,124
2026-04-17T10:32:29.928000,/home,200,877
2026-04-17T10:32:30.500000,/login,503,806
17-04-2026 10:32:32,/api/v1/users,404,204
2026-04-17T10:32:37.033000,/home,401,551
2026-04-17T10:32:37.568000,/cart,503,21
2026-04-17T10:32:42.489000,/checkout,200,238
17-04-2026 10:32:45,/cart,403,1345
ERROR: CONNECTION RESET BY PEER at 2026-04-17T10:32:46.242000
2026-04-17T10:32:47.678000,/checkout,500
2026-04-17T10:32:50.594000,/home,301,1035
2026-04-17T10:32:53.291000,/cart,500,1006
2026-04-17T10:32:58.008000,/api/v1/users,502,1459
2026-04-17T10:33:02.743000,/checkout,200,683
2026-04-17T10:33:06.459000,/api/v1/users,503,1244
2026-04-17T10:33:10.701000,/checkout,500,857
2026-04-17T10:33:14.592000,/cart,401,598
2026-04-17T10:33:17.026000,/cart,200,1280
17-04-2026 10:33:19,/checkout,201,188
2026-04-17T10:33:23.318000,/api/v1/users,200,743
2026-04-17T10:33:27.228000,/cart,400,484
2026-04-17T10:33:27.985000,/checkout,500,1377
2026-04-17T10:33:29.346000,/home,200,510
2026-04-17T10:33:31.783000,/checkout,200,401
2026-04-17T10:33:35.114000,/home,401,1449
2026-04-17T10:33:38.690000,/api/v1/products,200,688
2026-04-17T10:33:43.263000,/cart,OK,1166
2026-04-17T10:33:44.136000,/login,200,444
2026-04-17T10:33:47.025000,/api/v1/products,200,389
2026-04-17T10:33:47.732000,/home,201,873
2026-04-17T10:33:51.006000,/api/v1/users,200
2026-04-17T10:33:55.473000,/cart,200,516
17-04-2026 10:33:56,/api/v1/users,301,73
2026-04-17T10:33:58.818000,/cart,404,445
2026-04-17T10:33:59.168000,/login,500,790
2026-04-17T10:34:01.486000,/login,403,373
17-04-2026 10:34:02,/api/v1/products,502,1012
2026-04-17T10:34:07.193000,/login,403,178
2026-04-17T10:34:07.306000,/api/v1/users,301,842
2026-04-17T10:34:11.830000,/checkout,301,948
2026-04-17T10:34:13.536000,/checkout,404,1171
2026-04-17T10:34:15.438000,/cart,200,1273
2026-04-17T10:34:19.282000,/cart,200,243
2026-04-17T10:34:21.188000,/api/v1/products,400,1219
2026-04-17T10:34:25.295000,/home,502,1279
2026-04-17T10:34:29.479000,/login,200,941
2026-04-17T10:34:30.350000,/login,201,642
2026-04-17T10:34:34.533000,/cart,503,795
2026-04-17T10:34:38.917000,/cart,201,1497
2026-04-17T10:34:42.404000,/api/v1/products,500,1099
ERROR: CONNECTION RESET BY PEER at 2026-04-17T10:34:44.176000
2026-04-17T10:34:48.201000,/checkout,502,1078
2026-04-17T10:34:48.262000,/api/v1/products,200,979
2026-04-17T10:34:52.378000,/cart,500,183
2026-04-17T10:34:55.599000,/api/v1/products,503,755
17-04-2026 10:34:57,/api/v1/products,403,724
2026-04-17T10:35:00.799000,/cart,201
2026-04-17T10:35:04.173000,/checkout,400,177
17-04-2026 10:35:05,/home,200,209
2026-04-17T10:35:10.867000,/checkout,500,317
2026-04-17T10:35:13.320000,/api/v1/products,301,346
2026-04-17T10:35:14.736000,/checkout,200,1312
2026-04-17T10:35:15.798000,/checkout,200,1126
2026-04-17T10:35:16.780000,/cart,200,413
2026-04-17T10:35:18.614000,/api/v1/users,200,498
ERROR: CONNECTION RESET BY PEER at 2026-04-17T10:35:21.362000
2026-04-17T10:35:25.389000,/home,200,1205
17-04-2026 10:35:27,/home,201,872
2026-04-17T10:35:31.321000,/checkout,200,1038
2026-04-17T10:35:31.603000,/api/v1/products,403,908
2026-04-17T10:35:32.976000,/login,200,1345
2026-04-17T10:35:36.162000,/api/v1/products,503,169
ERROR: CONNECTION RESET BY PEER at 2026-04-17T10:35:37.412000
2026-04-17T10:35:37.816000,/login,403,882
ERROR: CONNECTION RESET BY PEER at 2026-04-17T10:35:38.961000
2026-04-17T10:35:39.426000,/cart,404,450
2026-04-17T10:35:41.317000,/api/v1/users,401,780
ERROR: CONNECTION RESET BY PEER at 2026-04-17T10:35:41.974000
2026-04-17T10:35:46.923000,/api/v1/users,503,1101
2026-04-17T10:35:49.412000,/home,200,679
2026-04-17T10:35:53.889000,/login,400,369
2026-04-17T10:35:56.477000,/api/v1/users,200,806
2026-04-17T10:35:57.542000,/cart,502,1130
2026-04-17T10:35:59.599000,/checkout,403,97
2026-04-17T10:36:01.094000,/login,500,650
2026-04-17T10:36:04.394000,/login,502,204
2026-04-17T10:36:07.932000,/api/v1/users,201,477
2026-04-17T10:36:10.919000,/checkout,401,924
2026-04-17T10:36:14.834000,/checkout,401,326
2026-04-17T10:36:16.112000,/checkout,200,960
2026-04-17T10:36:20.479000,/home,201,192
17-04-2026 10:36:25,/api/v1/products,503,760
2026-04-17T10:36:26.739000,/cart,404,541
2026-04-17T10:36:31.641000,/home,200,34
2026-04-17T10:36:31.918000,/cart,503,1472
2026-04-17T10:36:35.341000,/login,503,968
2026-04-17T10:36:35.393000,/api/v1/products,OK,305
2026-04-17T10:36:38.909000,/login,503,1154
2026-04-17T10:36:40.832000,/checkout,503,1001
2026-04-17T10:36:43.351000,/login,200,1261
2026-04-17T10:36:47.308000,/api/v1/users,OK,1012
2026-04-17T10:36:48.077000,/api/v1/products,502,373
2026-04-17T10:36:52.382000,/home,400,1331
17-04-2026 10:36:53,/home,401,679
17-04-2026 10:36:57,/api/v1/products,502,389
2026-04-17T10:37:00.135000,/api/v1/users,OK,1285
2026-04-17T10:37:02.360000,/login,200,1135
2026-04-17T10:37:06.297000,/api/v1/products,OK,199
2026-04-17T10:37:09.867000,/home,200,511
2026-04-17T10:37:13.841000,/api/v1/users,502,1212
2026-04-17T10:37:13.917000,/checkout,502,860
ERROR: CONNECTION RESET BY PEER at 2026-04-17T10:37:16.322000
2026-04-17T10:37:16.605000,/login,200,824
17-04-2026 10:37:17,/cart,401,1293
2026-04-17T10:37:18.435000,/api/v1/products,200,706
2026-04-17T10:37:18.490000,/api/v1/products,503,836
2026-04-17T10:37:23.264000,/cart,400,689
ERROR: CONNECTION RESET BY PEER at 2026-04-17T10:37:25.198000
2026-04-17T10:37:30.103000,/checkout,200,444
2026-04-17T10:37:32.010000,/home,200,393
2026-04-17T10:37:36.164000,/checkout,200,432
2026-04-17T10:37:37.699000,/home,OK,79
2026-04-17T10:37:38.041000,/checkout,201,735
ERROR: CONNECTION RESET BY PEER at 2026-04-17T10:37:38.573000
2026-04-17T10:37:39.184000,/api/v1/users,201,1287
2026-04-17T10:37:39.448000,/login,200,503
2026-04-17T10:37:40.010000,/cart,200,148
2026-04-17T10:37:44.400000,/api/v1/products,301,1465
2026-04-17T10:37:48.258000,/cart,200,1161
17-04-2026 10:37:49,/home,403,908
2026-04-17T10:37:49.628000,/api/v1/users,400,887
2026-04-17T10:37:51.078000,/home,500,298
2026-04-17T10:37:51.250000,/api/v1/products,301,216
2026-04-17T10:37:55.926000,/api/v1/users,301,24
2026-04-17T10:38:00.258000,/home,502
2026-04-17T10:38:00.418000,/cart,502,1086
2026-04-17T10:38:02.869000,/home,301,200
2026-04-17T10:38:04.507000,/api/v1/users,401,1074
17-04-2026 10:38:05,/api/v1/users,502,647
17-04-2026 10:38:09,/api/v1/users,200,1048
2026-04-17T10:38:12.756000,/cart,403,299
17-04-2026 10:38:16,/api/v1/users,200,239
2026-04-17T10:38:19.465000,/login,201,1475
2026-04-17T10:38:24.320000,/login,200
17-04-2026 10:38:26,/api/v1/users,503,1159
2026-04-17T10:38:27.264000,/api/v1/products,400,226
2026-04-17T10:38:29.632000,/home,200,600
2026-04-17T10:38:33.007000,/checkout,201,1015
2026-04-17T10:38:37.542000,/checkout,404,608
2026-04-17T10:38:41.981000,/api/v1/users,404,1156
2026-04-17T10:38:42.075000,/home,200,515
2026-04-17T10:38:46.020000,/checkout,500,1109
2026-04-17T10:38:47.500000,/cart,200,1067
2026-04-17T10:38:49.540000,/api/v1/users,403,1237
2026-04-17T10:38:52.636000,/home,502,51
17-04-2026 10:38:54,/home,500,83
2026-04-17T10:38:55.816000,/home,403
2026-04-17T10:38:58.835000,/api/v1/products,200,47
2026-04-17T10:39:00.863000,/login,OK,1438
2026-04-17T10:39:01.972000,/api/v1/products,401,1209
2026-04-17T10:39:06.277000,/api/v1/users,500,125
2026-04-17T10:39:10.026000,/cart,200,578
2026-04-17T10:39:12.784000,/login,200,558
2026-04-17T10:39:17.470000,/checkout,400,1205
2026-04-17T10:39:20.956000,/checkout,200,1498
2026-04-17T10:39:22.406000,/api/v1/products,200,1137
2026-04-17T10:39:26.486000,/home,404,329
2026-04-17T10:39:29.129000,/api/v1/products,400,898
2026-04-17T10:39:31.696000,/cart,401,503
2026-04-17T10:39:35.197000,/checkout,200,188
2026-04-17T10:39:38.636000,/cart,200,811
2026-04-17T10:39:43.378000,/api/v1/users,301,1409
2026-04-17T10:39:46.099000,/login,200,137
2026-04-17T10:39:50.815000,/login,500,229
2026-04-17T10:39:51.456000,/checkout,500,620
2026-04-17T10:39:52.199000,/api/v1/users,404,370
2026-04-17T10:39:56.345000,/api/v1/users,200,1459
2026-04-17T10:40:00.873000,/home,500,1447
2026-04-17T10:40:01.971000,/cart,502,156
2026-04-17T10:40:06.435000,/home,200,577
2026-04-17T10:40:11.186000,/checkout,500,1334
2026-04-17T10:40:12.122000,/api/v1/users,200,586
2026-04-17T10:40:13.778000,/cart,400,60
2026-04-17T10:40:18.459000,/login,503,888
2026-04-17T10:40:23.061000,/checkout,200,1007
2026-04-17T10:40:24.455000,/cart,400,201
2026-04-17T10:40:25.270000,/home,401,24
2026-04-17T10:40:28.696000,/login,403,550
2026-04-17T10:40:31.861000,/home,201,156
2026-04-17T10:40:33.982000,/checkout,403,647
2026-04-17T10:40:36.410000,/api/v1/products,401,490
2026-04-17T10:40:39.082000,/api/v1/users,OK,472
2026-04-17T10:40:42.474000,/api/v1/users,200,1467
2026-04-17T10:40:43.185000,/cart,403,378
2026-04-17T10:40:44.311000,/login,301,149
2026-04-17T10:40:46.949000,/checkout,200,525
2026-04-17T10:40:46.961000,/login,201,796
2026-04-17T10:40:49.532000,/checkout,502,903
2026-04-17T10:40:51.158000,/cart,403,480
2026-04-17T10:40:51.903000,/cart,200,1109
2026-04-17T10:40:54.480000,/checkout,500,327
2026-04-17T10:40:58.152000,/api/v1/products,200,616
2026-04-17T10:40:58.816000,/login,200,531
2026-04-17T10:41:03.676000,/home,301,520
17-04-2026 10:41:04,/home,201,746
17-04-2026 10:41:09,/cart,200,635
2026-04-17T10:41:12.227000,/checkout,401,1355
2026-04-17T10:41:17.100000,/checkout,201,1460
2026-04-17T10:41:17.340000,/api/v1/products,404,360
2026-04-17T10:41:18.989000,/api/v1/products,301,428
2026-04-17T10:41:22.500000,/home,200,163
2026-04-17T10:41:25.874000,/home,200,247
2026-04-17T10:41:28.540000,/api/v1/users,200,802
2026-04-17T10:41:29.872000,/checkout,201,243
2026-04-17T10:41:30.567000,/checkout,200,438
2026-04-17T10:41:31.190000,/checkout,401,148
2026-04-17T10:41:32.803000,/cart,200,1104
2026-04-17T10:41:37.251000,/login,400,1397
2026-04-17T10:41:38.805000,/api/v1/products,500,1454
17-04-2026 10:41:41,/cart,200,1493
2026-04-17T10:41:45.142000,/checkout,200,1063
17-04-2026 10:41:47,/home,200,909
2026-04-17T10:41:48.755000,/home,200,366
2026-04-17T10:41:48.880000,/login,201,349
2026-04-17T10:41:52.317000,/home,201
2026-04-17T10:41:55.941000,/login,502,72
2026-04-17T10:42:00.299000,/home,200,1347
2026-04-17T10:42:00.952000,/login,404
2026-04-17T10:42:03.500000,/login,400,1419
ERROR: CONNECTION RESET BY PEER at 2026-04-17T10:42:05.057000
2026-04-17T10:42:07.161000,/api/v1/products,401,426
2026-04-17T10:42:10.913000,/checkout,401,385
2026-04-17T10:42:14.744000,/login,301,615
2026-04-17T10:42:18.563000,/api/v1/products,OK,439
2026-04-17T10:42:20.929000,/api/v1/users,301,1383
2026-04-17T10:42:23.995000,/api/v1/users,200,319
2026-04-17T10:42:25.182000,/cart,401,474
2026-04-17T10:42:27.280000,/api/v1/products,301,746
2026-04-17T10:42:30.352000,/api/v1/products,200,403
2026-04-17T10:42:34.315000,/login,502,1245
2026-04-17T10:42:36.622000,/login,404,452
ERROR: CONNECTION RESET BY PEER at 2026-04-17T10:42:40.651000
2026-04-17T10:42:43.489000,/login,301,1161
2026-04-17T10:42:43.706000,/login,404,1014
ERROR: CONNECTION RESET BY PEER at 2026-04-17T10:42:46.179000
17-04-2026 10:42:48,/checkout,401,122
2026-04-17T10:42:50.273000,/api/v1/users,400,1135
ERROR: CONNECTION RESET BY PEER at 2026-04-17T10:42:50.701000
2026-04-17T10:42:55.394000,/api/v1/products,503,1260
2026-04-17T10:42:58.514000,/api/v1/users,201,1009
2026-04-17T10:43:01.058000,/api/v1/products,403,215
2026-04-17T10:43:01.217000,/api/v1/products,503,482
2026-04-17T10:43:01.865000,/api/v1/products,503,572
2026-04-17T10:43:04.051000,/api/v1/products,200,603
2026-04-17T10:43:06.940000,/home,502,559
2026-04-17T10:43:08.110000,/api/v1/products,403,1214
2026-04-17T10:43:10.058000,/login,403,114
2026-04-17T10:43:12.227000,/api/v1/products,404,551
2026-04-17T10:43:13.736000,/checkout,403,805
2026-04-17T10:43:14.441000,/home,403,1260
2026-04-17T10:43:18.403000,/checkout,301,1246
2026-04-17T10:43:21.784000,/api/v1/products,404,409
2026-04-17T10:43:22.007000,/api/v1/products,301,330
ERROR: CONNECTION RESET BY PEER at 2026-04-17T10:43:25.906000
2026-04-17T10:43:29.035000,/home,500,635
2026-04-17T10:43:30.835000,/cart,200,797
2026-04-17T10:43:34.260000,/api/v1/users,500,1092
2026-04-17T10:43:34.526000,/home,301,194
17-04-2026 10:43:36,/api/v1/products,201,165
2026-04-17T10:43:38.611000,/home,403,1046
2026-04-17T10:43:42.482000,/home,500,724
2026-04-17T10:43:46.383000,/checkout,OK,652
2026-04-17T10:43:50.454000,/api/v1/products,401,543
2026-04-17T10:43:53.503000,/api/v1/products,404,991
2026-04-17T10:43:56.725000,/cart,502,682
2026-04-17T10:44:01.639000,/api/v1/products,OK,1142
17-04-2026 10:44:01,/home,503,737
2026-04-17T10:44:05.977000,/api/v1/products,502,446
2026-04-17T10:44:06.767000,/checkout,503,1213
2026-04-17T10:44:08.546000,/login,403,1281
2026-04-17T10:44:10.316000,/login,200,626
2026-04-17T10:44:13.295000,/api/v1/products,200,1447
2026-04-17T10:44:15.803000,/cart,200,187
2026-04-17T10:44:19.079000,/api/v1/users,403,1325
17-04-2026 10:44:19,/cart,500,900
2026-04-17T10:44:20.773000,/cart,403,1355
2026-04-17T10:44:25.471000,/home,400,1114
2026-04-17T10:44:27.548000,/login,201,547
2026-04-17T10:44:28.713000,/login,500,1317
2026-04-17T10:44:30.629000,/login,200,891
2026-04-17T10:44:31.660000,/login,200,954
2026-04-17T10:44:35.405000,/api/v1/products,401,994
2026-04-17T10:44:37.157000,/login,500,1013
17-04-2026 10:44:41,/checkout,401,432
2026-04-17T10:44:45.366000,/login,502,482
2026-04-17T10:44:50.359000,/api/v1/products,502,317
2026-04-17T10:44:51.334000,/login,502,493
2026-04-17T10:44:55.191000,/checkout,200,576
2026-04-17T10:44:58.933000,/login,200,426
2026-04-17T10:45:00.122000,/checkout,200,632
2026-04-17T10:45:01.324000,/api/v1/users,500
2026-04-17T10:45:05.280000,/api/v1/users,201,617
2026-04-17T10:45:09.349000,/login,201,765
2026-04-17T10:45:13.647000,/home,200,459
ERROR: CONNECTION RESET BY PEER at 2026-04-17T10:45:14.786000
17-04-2026 10:45:16,/checkout,200,448
2026-04-17T10:45:18.458000,/checkout,404,922
2026-04-17T10:45:21.271000,/home,503,162
2026-04-17T10:45:23.392000,/login,200,825
2026-04-17T10:45:24.800000,/api/v1/users,200,1123
2026-04-17T10:45:28.710000,/home,400,396
2026-04-17T10:45:29.269000,/api/v1/products,404,632
2026-04-17T10:45:32.008000,/home,500,268
ERROR: CONNECTION RESET BY PEER at 2026-04-17T10:45:34.839000
2026-04-17T10:45:34.902000,/checkout,500,1344
ERROR: CONNECTION RESET BY PEER at 2026-04-17T10:45:38.565000
2026-04-17T10:45:42.849000,/cart,403,374
2026-04-17T10:45:47.645000,/api/v1/users,500,682
2026-04-17T10:45:50.043000,/login,200
2026-04-17T10:45:51.437000,/home,400,1255
2026-04-17T10:45:55.186000,/api/v1/products,200,907
2026-04-17T10:45:55.493000,/api/v1/users,503,90
2026-04-17T10:46:00.405000,/login,502,238
2026-04-17T10:46:03.440000,/cart,503,521
2026-04-17T10:46:04.248000,/cart,403,1491
2026-04-17T10:46:08.832000,/login,200,1063
17-04-2026 10:46:10,/home,400,529
2026-04-17T10:46:13.262000,/login,401,685
2026-04-17T10:46:14.583000,/api/v1/products,200,603
2026-04-17T10:46:18.466000,/api/v1/products,200,967
2026-04-17T10:46:19.256000,/api/v1/users,301,1429
2026-04-17T10:46:19.307000,/cart,OK,243
2026-04-17T10:46:22.602000,/checkout,200,246
2026-04-17T10:46:27.561000,/cart,200,584
2026-04-17T10:46:29.601000,/home,200,1224
2026-04-17T10:46:33.350000,/checkout,201,1058
2026-04-17T10:46:37.969000,/api/v1/products,301,1060
2026-04-17T10:46:42.895000,/checkout,200,1101
2026-04-17T10:46:43.743000,/home,500,1373
2026-04-17T10:46:45.284000,/api/v1/products,500,959
2026-04-17T10:46:46.116000,/login,400,816
2026-04-17T10:46:49.995000,/api/v1/products,401,609
2026-04-17T10:46:54.667000,/home,503
17-04-2026 10:46:55,/checkout,200,124
2026-04-17T10:46:58.421000,/login,200,85
2026-04-17T10:46:59.251000,/checkout,401,958
2026-04-17T10:47:01.324000,/checkout,200
2026-04-17T10:47:01.572000,/api/v1/users,401,1025
2026-04-17T10:47:01.984000,/login,400,1028
2026-04-17T10:47:05.149000,/login,404,893
2026-04-17T10:47:07.832000,/login,200,1292
2026-04-17T10:47:12.307000,/checkout,403,710
2026-04-17T10:47:15.289000,/api/v1/products,200,1040
2026-04-17T10:47:18.944000,/login,OK,1174
2026-04-17T10:47:19.941000,/api/v1/products,403,796
2026-04-17T10:47:22.015000,/api/v1/products,301,156
2026-04-17T10:47:23.194000,/cart,200,801
2026-04-17T10:47:23.989000,/login,400,459
2026-04-17T10:47:27.848000,/login,503,304
2026-04-17T10:47:29.526000,/api/v1/products,401,1056
2026-04-17T10:47:31.768000,/api/v1/products,500,1439
2026-04-17T10:47:31.894000,/api/v1/users,OK,895
ERROR: CONNECTION RESET BY PEER at 2026-04-17T10:47:36.529000
2026-04-17T10:47:39.024000,/api/v1/products,200,429
2026-04-17T10:47:43.081000,/checkout,400,1108
2026-04-17T10:47:45.858000,/login,200,945
2026-04-17T10:47:49.280000,/cart,301,834
2026-04-17T10:47:49.515000,/checkout,200,691
ERROR: CONNECTION RESET BY PEER at 2026-04-17T10:47:51.065000
ERROR: CONNECTION RESET BY PEER at 2026-04-17T10:47:51.197000
2026-04-17T10:47:53.934000,/home,200,484
2026-04-17T10:47:54.669000,/login,200,1004
2026-04-17T10:47:58.064000,/home,200,971
2026-04-17T10:47:59.745000,/login,503
2026-04-17T10:48:01.927000,/api/v1/users,403,417
2026-04-17T10:48:04.478000,/home,401,31
2026-04-17T10:48:08.339000,/checkout,502,1255
2026-04-17T10:48:10.941000,/home,502,1006
2026-04-17T10:48:13.223000,/checkout,301,1180
2026-04-17T10:48:15.638000,/checkout,503,297
2026-04-17T10:48:16.389000,/api/v1/users,200
2026-04-17T10:48:20.788000,/home,200,1288
2026-04-17T10:48:23.156000,/home,403,430
2026-04-17T10:48:24.901000,/api/v1/users,401,1067
2026-04-17T10:48:25.494000,/login,201,1030
2026-04-17T10:48:30.437000,/api/v1/products,OK,1071
2026-04-17T10:48:33.345000,/cart,200,990
2026-04-17T10:48:34.452000,/api/v1/products,400,751
2026-04-17T10:48:35.833000,/checkout,404,1051
2026-04-17T10:48:37.710000,/api/v1/users,OK,1407
2026-04-17T10:48:40.674000,/checkout,403,639
ERROR: CONNECTION RESET BY PEER at 2026-04-17T10:48:44.253000
2026-04-17T10:48:46.838000,/checkout,500,682
2026-04-17T10:48:46.856000,/home,200,1252
2026-04-17T10:48:50.542000,/checkout,500,498
2026-04-17T10:48:52.922000,/api/v1/users,401,321
2026-04-17T10:48:56.240000,/home,301,422
2026-04-17T10:48:56.611000,/home,404,1224
2026-04-17T10:48:59.456000,/cart,503,529
2026-04-17T10:49:03.565000,/api/v1/products,301,1336
2026-04-17T10:49:03.637000,/api/v1/users,301,510
2026-04-17T10:49:04.298000,/checkout,200
2026-04-17T10:49:04.974000,/checkout,404,507
2026-04-17T10:49:09.263000,/login,503,850
2026-04-17T10:49:10.679000,/api/v1/users,401,650
2026-04-17T10:49:11.883000,/checkout,200,45
2026-04-17T10:49:15.271000,/api/v1/users,404,51
2026-04-17T10:49:16.325000,/checkout,502,782
2026-04-17T10:49:18.011000,/cart,500,425
2026-04-17T10:49:18.160000,/checkout,403,1345
2026-04-17T10:49:21.953000,/checkout,403,326
2026-04-17T10:49:22.324000,/checkout,500,475
2026-04-17T10:49:22.660000,/cart,200,359
2026-04-17T10:49:26.070000,/login,503,615
2026-04-17T10:49:28.594000,/home,502,779
ERROR: CONNECTION RESET BY PEER at 2026-04-17T10:49:29.360000
2026-04-17T10:49:30.908000,/checkout,400,1041
2026-04-17T10:49:31.436000,/cart,200,287
2026-04-17T10:49:36.076000,/api/v1/products,500,130
2026-04-17T10:49:36.229000,/login,502,1251
2026-04-17T10:49:39.450000,/home,503,794
2026-04-17T10:49:42.322000,/api/v1/users,200,866
2026-04-17T10:49:43.413000,/api/v1/products,502,1253
2026-04-17T10:49:45.979000,/cart,201,856
2026-04-17T10:49:47.623000,/cart,403,232
17-04-2026 10:49:49,/home,200,1067
2026-04-17T10:49:50.491000,/api/v1/users,502,581
ERROR: CONNECTION RESET BY PEER at 2026-04-17T10:49:53.834000
2026-04-17T10:49:55.599000,/cart,500,904
ERROR: CONNECTION RESET BY PEER at 2026-04-17T10:49:58.296000
2026-04-17T10:50:01.060000,/home,OK,778
2026-04-17T10:50:02.003000,/api/v1/products,404,771
17-04-2026 10:50:03,/api/v1/users,400,1334
2026-04-17T10:50:07.128000,/home,500,724
17-04-2026 10:50:09,/login,403,1450
17-04-2026 10:50:11,/api/v1/users,403,1485
2026-04-17T10:50:12.351000,/checkout,500,785
2026-04-17T10:50:12.389000,/home,401,1032
2026-04-17T10:50:16.883000,/api/v1/products,201
2026-04-17T10:50:20.212000,/api/v1/users,OK,418
2026-04-17T10:50:20.971000,/login,400,1195
2026-04-17T10:50:22.808000,/api/v1/products,301,1175
2026-04-17T10:50:24.861000,/home,200,971
2026-04-17T10:50:26.530000,/api/v1/products,200,551
2026-04-17T10:50:26.771000,/api/v1/users,500,1474
2026-04-17T10:50:31.530000,/checkout,401,368
2026-04-17T10:50:34.893000,/home,404,1085
2026-04-17T10:50:35.820000,/cart,502,1494
2026-04-17T10:50:35.960000,/cart,403,94
2026-04-17T10:50:37.951000,/home,403,594
2026-04-17T10:50:42.699000,/api/v1/products,200,1330
2026-04-17T10:50:46.664000,/api/v1/users,200,413
2026-04-17T10:50:47.742000,/api/v1/users,200,559
2026-04-17T10:50:48.880000,/home,404,1162
2026-04-17T10:50:53.492000,/login,301,564
2026-04-17T10:50:56.213000,/api/v1/users,401,462
2026-04-17T10:50:59.065000,/api/v1/users,403,1345
2026-04-17T10:51:03.878000,/api/v1/users,200,1075
2026-04-17T10:51:06.578000,/api/v1/products,502,1283
17-04-2026 10:51:11,/api/v1/users,201,1423
2026-04-17T10:51:14.391000,/login,200,32
2026-04-17T10:51:18.505000,/login,200,76
2026-04-17T10:51:21.926000,/checkout,403,111
2026-04-17T10:51:25.560000,/cart,200,903
17-04-2026 10:51:26,/api/v1/users,403,1323
2026-04-17T10:51:31.012000,/api/v1/products,200,1407
2026-04-17T10:51:31.285000,/cart,404,733
17-04-2026 10:51:31,/home,401,104
17-04-2026 10:51:34,/checkout,201,503
2026-04-17T10:51:34.598000,/home,403,391
2026-04-17T10:51:35.187000,/login,502,841
2026-04-17T10:51:36.755000,/api/v1/products,403,1008
2026-04-17T10:51:36.979000,/cart,200,1069
2026-04-17T10:51:41.616000,/api/v1/users,502,935
2026-04-17T10:51:46.192000,/login,200,422
2026-04-17T10:51:50.128000,/checkout,200,628
2026-04-17T10:51:52.482000,/api/v1/products,403,1050
2026-04-17T10:51:55.030000,/api/v1/products,500,930
2026-04-17T10:51:58.966000,/api/v1/products,200,537
2026-04-17T10:52:01.899000,/home,404,1352
2026-04-17T10:52:06.820000,/home,200,665
2026-04-17T10:52:07.315000,/api/v1/products,400,912
2026-04-17T10:52:11.715000,/checkout,503,844
2026-04-17T10:52:14.471000,/checkout,301,621
2026-04-17T10:52:18.052000,/home,503,828
2026-04-17T10:52:21.994000,/api/v1/products,503,567
2026-04-17T10:52:25.069000,/api/v1/users,OK,99
2026-04-17T10:52:27.948000,/home,200,1474
2026-04-17T10:52:28.419000,/login,200,1459
2026-04-17T10:52:29.022000,/checkout,503,432
2026-04-17T10:52:30.694000,/api/v1/products,201,44
2026-04-17T10:52:33.849000,/home,503,1120
2026-04-17T10:52:36.839000,/home,200,818
2026-04-17T10:52:39.788000,/login,404,1489
2026-04-17T10:52:41.767000,/home,200,312
2026-04-17T10:52:42.836000,/home,502,1282
2026-04-17T10:52:45.521000,/cart,201,1081
ERROR: CONNECTION RESET BY PEER at 2026-04-17T10:52:46.998000
2026-04-17T10:52:51.720000,/login,200,734
2026-04-17T10:52:55.051000,/cart,201,700
2026-04-17T10:52:57.126000,/api/v1/users,503,164
17-04-2026 10:53:00,/api/v1/users,403,642
2026-04-17T10:53:05.637000,/home,OK,838
2026-04-17T10:53:09.680000,/checkout,400,1200
2026-04-17T10:53:10.936000,/login,200,225
2026-04-17T10:53:11.861000,/api/v1/users,404,29
2026-04-17T10:53:12.616000,/api/v1/users,500,146
2026-04-17T10:53:14.335000,/login,OK,1113
2026-04-17T10:53:18.034000,/login,401,138
2026-04-17T10:53:22.995000,/api/v1/users,200,532
2026-04-17T10:53:24.087000,/home,201,1044
2026-04-17T10:53:24.564000,/checkout,503
2026-04-17T10:53:27.469000,/api/v1/users,404,816
2026-04-17T10:53:30.606000,/api/v1/users,301,896
2026-04-17T10:53:31.584000,/checkout,400
2026-04-17T10:53:34.336000,/home,200,1151
2026-04-17T10:53:38.887000,/checkout,404,1179
2026-04-17T10:53:43.536000,/api/v1/products,200,770
2026-04-17T10:53:45.871000,/cart,500,730
2026-04-17T10:53:50.827000,/login,502,295
2026-04-17T10:53:54.556000,/api/v1/products,301,731
2026-04-17T10:53:56.499000,/home,403,610
2026-04-17T10:53:56.889000,/checkout,200,995
2026-04-17T10:54:01.302000,/api/v1/users,403,1284
2026-04-17T10:54:01.848000,/api/v1/users,200,239
2026-04-17T10:54:05.277000,/home,200,497
2026-04-17T10:54:09.528000,/login,401,634
2026-04-17T10:54:09.993000,/api/v1/products,400,85
2026-04-17T10:54:14.705000,/login,500,89
2026-04-17T10:54:16.256000,/checkout,301,291
17-04-2026 10:54:19,/home,200,583
2026-04-17T10:54:23.364000,/api/v1/products,400,885
2026-04-17T10:54:24.678000,/api/v1/products,301,496
2026-04-17T10:54:27.588000,/home,403,1178
2026-04-17T10:54:30.312000,/cart,403,378
2026-04-17T10:54:32.033000,/login,401,23
2026-04-17T10:54:36.383000,/cart,301,223
2026-04-17T10:54:40.547000,/checkout,200,1129
2026-04-17T10:54:41.101000,/checkout,400,990
ERROR: CONNECTION RESET BY PEER at 2026-04-17T10:54:42.410000
17-04-2026 10:54:45,/cart,301,1161
2026-04-17T10:54:45.992000,/checkout,200,213
2026-04-17T10:54:46.244000,/api/v1/products,OK,645
2026-04-17T10:54:47.715000,/home,201,301
2026-04-17T10:54:52.162000,/home,500,324
2026-04-17T10:54:52.428000,/api/v1/products,201,1223
2026-04-17T10:54:52.883000,/login,500,78
ERROR: CONNECTION RESET BY PEER at 2026-04-17T10:54:56.325000
2026-04-17T10:54:57.039000,/cart,502,1271
2026-04-17T10:55:00.550000,/home,503,574
17-04-2026 10:55:04,/login,404,541
2026-04-17T10:55:05.936000,/login,200,630
2026-04-17T10:55:07.147000,/login,200,1475
2026-04-17T10:55:08.436000,/checkout,OK,653
2026-04-17T10:55:12.277000,/cart,500,213
2026-04-17T10:55:16.022000,/home,401,727
2026-04-17T10:55:17.831000,/checkout,200,249
2026-04-17T10:55:21.600000,/cart,200,1176
2026-04-17T10:55:22.465000,/cart,200,524
2026-04-17T10:55:22.891000,/api/v1/users,OK,50
2026-04-17T10:55:27.417000,/home,201,1282
2026-04-17T10:55:30.120000,/cart,502,934
2026-04-17T10:55:30.427000,/cart,404,1029
2026-04-17T10:55:34.572000,/checkout,OK,271
2026-04-17T10:55:36.800000,/checkout,500,1092
2026-04-17T10:55:38.320000,/api/v1/products,401,938
2026-04-17T10:55:41.668000,/cart,500
2026-04-17T10:55:42.006000,/checkout,503,337
ERROR: CONNECTION RESET BY PEER at 2026-04-17T10:55:43.760000
2026-04-17T10:55:47.543000,/api/v1/users,201,870
2026-04-17T10:55:50.270000,/checkout,200,295
2026-04-17T10:55:54.766000,/api/v1/users,503,410
2026-04-17T10:55:59.436000,/api/v1/users,503,776
2026-04-17T10:56:02.391000,/checkout,200,539
2026-04-17T10:56:05.819000,/home,200,672
2026-04-17T10:56:09.474000,/home,400,713
2026-04-17T10:56:12.312000,/cart,200,437
2026-04-17T10:56:16.071000,/cart,404,1114
2026-04-17T10:56:17.012000,/api/v1/users,200,1354
2026-04-17T10:56:17.373000,/login,400,647
2026-04-17T10:56:21.111000,/home,404,1212
ERROR: CONNECTION RESET BY PEER at 2026-04-17T10:56:25.925000
2026-04-17T10:56:27.371000,/api/v1/products,200,1218
2026-04-17T10:56:30.599000,/login,404,1006
2026-04-17T10:56:35.178000,/api/v1/users,404,284
2026-04-17T10:56:36.860000,/checkout,301,355
17-04-2026 10:56:40,/api/v1/products,200,690
2026-04-17T10:56:43.436000,/api/v1/users,500,1122
2026-04-17T10:56:48.429000,/cart,502,276
2026-04-17T10:56:48.869000,/cart,503,140
2026-04-17T10:56:49.147000,/login,301,186
2026-04-17T10:56:49.302000,/login,200,528
2026-04-17T10:56:50.377000,/cart,403,654
2026-04-17T10:56:50.538000,/api/v1/products,401,305
2026-04-17T10:56:52.019000,/login,502,546
2026-04-17T10:56:56.782000,/home,200,573
2026-04-17T10:57:01.667000,/api/v1/products,200,1463
17-04-2026 10:57:06,/login,404,1469
17-04-2026 10:57:11,/login,301,1381
17-04-2026 10:57:11,/api/v1/users,500,608
2026-04-17T10:57:13.833000,/login,200,1089
2026-04-17T10:57:14.942000,/login,404,1279
2026-04-17T10:57:16.245000,/api/v1/products,403,561
2026-04-17T10:57:20.052000,/home,OK,1027
2026-04-17T10:57:21.307000,/login,200,1174
17-04-2026 10:57:25,/cart,200,355
2026-04-17T10:57:25.834000,/cart,301,132
17-04-2026 10:57:26,/api/v1/products,301,1227
17-04-2026 10:57:28,/login,403,202
2026-04-17T10:57:29.805000,/cart,201,223
2026-04-17T10:57:34.668000,/login,200,1470
ERROR: CONNECTION RESET BY PEER at 2026-04-17T10:57:38.982000
2026-04-17T10:57:39.977000,/home,301,248
2026-04-17T10:57:42.361000,/cart,200,337
2026-04-17T10:57:44.245000,/api/v1/products,OK,1393
2026-04-17T10:57:48.609000,/login,200,189
2026-04-17T10:57:53.554000,/api/v1/users,400,195
2026-04-17T10:57:54.060000,/login,401
2026-04-17T10:57:56.246000,/cart,200,368
2026-04-17T10:57:56.701000,/home,404,1193
2026-04-17T10:57:58.861000,/checkout,200,620
ERROR: CONNECTION RESET BY PEER at 2026-04-17T10:58:01.478000
2026-04-17T10:58:04.455000,/api/v1/users,401,705
2026-04-17T10:58:09.086000,/login,500,1223
2026-04-17T10:58:14.083000,/home,401,1173
2026-04-17T10:58:18.252000,/api/v1/products,503,1385
2026-04-17T10:58:22.386000,/checkout,201,119
2026-04-17T10:58:23.556000,/login,301,1363
2026-04-17T10:58:27.390000,/cart,301,963
2026-04-17T10:58:29.377000,/login,404,416
2026-04-17T10:58:32.049000,/cart,301,1342
2026-04-17T10:58:35.362000,/api/v1/products,301,1375
2026-04-17T10:58:39.876000,/cart,201,398
2026-04-17T10:58:40.743000,/home,503,1234
2026-04-17T10:58:42.195000,/login,201,57
2026-04-17T10:58:44.761000,/checkout,401,741
2026-04-17T10:58:45.318000,/cart,200,1337
2026-04-17T10:58:49.220000,/checkout,200,290
2026-04-17T10:58:49.447000,/api/v1/users,400,1122
2026-04-17T10:58:49.690000,/checkout,502,1097
2026-04-17T10:58:54.569000,/api/v1/products,201,169
2026-04-17T10:58:56.119000,/api/v1/users,403,1277
2026-04-17T10:58:57.089000,/cart,201,958
2026-04-17T10:58:59.512000,/cart,502,336
17-04-2026 10:59:03,/login,400,336
2026-04-17T10:59:07.466000,/home,400,1476
2026-04-17T10:59:09.688000,/home,503,1394
2026-04-17T10:59:10.785000,/login,403,544
2026-04-17T10:59:15.657000,/checkout,301,298
2026-04-17T10:59:18.207000,/api/v1/products,200,1427
2026-04-17T10:59:18.241000,/home,502
2026-04-17T10:59:20.844000,/cart,400,234
2026-04-17T10:59:23.746000,/api/v1/users,503,1402
2026-04-17T10:59:24.142000,/api/v1/products,503,907
2026-04-17T10:59:26.005000,/checkout,201,1396
2026-04-17T10:59:29.670000,/home,502,1447
2026-04-17T10:59:33.322000,/api/v1/users,503,364
2026-04-17T10:59:36.998000,/cart,200,1202
17-04-2026 10:59:41,/checkout,401,574
2026-04-17T10:59:44.589000,/api/v1/users,500,580
2026-04-17T10:59:46.962000,/login,503,223
2026-04-17T10:59:48.309000,/cart,503,1153
2026-04-17T10:59:50.963000,/login,403,290
ERROR: CONNECTION RESET BY PEER at 2026-04-17T10:59:53.991000
2026-04-17T10:59:55.259000,/cart,500,73
2026-04-17T10:59:59.755000,/checkout,403,1283
2026-04-17T11:00:03.953000,/api/v1/users,200,1097
2026-04-17T11:00:08.713000,/home,502,49
2026-04-17T11:00:11.727000,/api/v1/products,200,1459
ERROR: CONNECTION RESET BY PEER at 2026-04-17T11:00:14.431000
2026-04-17T11:00:15.551000,/api/v1/products,404
ERROR: CONNECTION RESET BY PEER at 2026-04-17T11:00:18.584000
2026-04-17T11:00:23.485000,/cart,502,555
2026-04-17T11:00:26.883000,/login,201,827
2026-04-17T11:00:31.144000,/home,201,92
2026-04-17T11:00:34.680000,/login,403,1074
2026-04-17T11:00:37.939000,/login,200,20
2026-04-17T11:00:40.654000,/api/v1/products,503,223
2026-04-17T11:00:45.116000,/login,401,579
2026-04-17T11:00:47.167000,/api/v1/products,301,1369
2026-04-17T11:00:48.427000,/api/v1/users,200,55
2026-04-17T11:00:52.379000,/checkout,403,105
2026-04-17T11:00:55.895000,/api/v1/products,403,665
2026-04-17T11:01:00.355000,/home,503,944
2026-04-17T11:01:03.626000,/cart,200,92
2026-04-17T11:01:06.471000,/checkout,201,724
2026-04-17T11:01:09.344000,/login,200,1230
2026-04-17T11:01:12.786000,/home,404,1438
2026-04-17T11:01:13.162000,/checkout,404,1262
2026-04-17T11:01:14.407000,/login,301,1104
2026-04-17T11:01:18.581000,/checkout,500,58
ERROR: CONNECTION RESET BY PEER at 2026-04-17T11:01:21.681000
2026-04-17T11:01:22.036000,/checkout,200,443
2026-04-17T11:01:27.008000,/api/v1/products,200,507
2026-04-17T11:01:31.497000,/home,301,1199
2026-04-17T11:01:34.519000,/api/v1/products,503,245
2026-04-17T11:01:38.507000,/checkout,403,308
2026-04-17T11:01:38.900000,/api/v1/users,500
2026-04-17T11:01:43.353000,/api/v1/users,201,1011
2026-04-17T11:01:45.438000,/cart,200,1128
2026-04-17T11:01:47.723000,/home,404,1126
2026-04-17T11:01:47.974000,/login,200,221
2026-04-17T11:01:51.324000,/api/v1/users,400,389
2026-04-17T11:01:52.640000,/api/v1/products,201
2026-04-17T11:01:55.682000,/home,400,1091
2026-04-17T11:01:59.205000,/checkout,404,809
2026-04-17T11:01:59.236000,/home,OK,628
2026-04-17T11:02:00.130000,/api/v1/products,403,721
2026-04-17T11:02:00.167000,/api/v1/users,201,834
2026-04-17T11:02:05.041000,/login,400,540
2026-04-17T11:02:09.754000,/api/v1/users,200,763
2026-04-17T11:02:12.100000,/api/v1/products,503,1321
2026-04-17T11:02:13.357000,/api/v1/users,500,928
2026-04-17T11:02:17.199000,/checkout,201,622
2026-04-17T11:02:19.676000,/api/v1/users,503,1055
2026-04-17T11:02:19.853000,/login,503,1468
2026-04-17T11:02:23.080000,/api/v1/products,403,159
2026-04-17T11:02:25.405000,/checkout,502,781
2026-04-17T11:02:28.002000,/api/v1/products,200,646
2026-04-17T11:02:28.940000,/home,200,172
17-04-2026 11:02:30,/checkout,401,965
2026-04-17T11:02:32.153000,/checkout,201,1252
ERROR: CONNECTION RESET BY PEER at 2026-04-17T11:02:32.556000
2026-04-17T11:02:35.892000,/login,502,834
2026-04-17T11:02:40.155000,/checkout,403,1334
17-04-2026 11:02:43,/checkout,400,530
2026-04-17T11:02:46.189000,/cart,200,782
2026-04-17T11:02:47.542000,/api/v1/products,400,1272
2026-04-17T11:02:49.803000,/api/v1/products,404
2026-04-17T11:02:50.325000,/checkout,503,1482
2026-04-17T11:02:53.251000,/api/v1/products,200,403
2026-04-17T11:02:54.195000,/login,301,1082
2026-04-17T11:02:54.207000,/home,404,489
2026-04-17T11:02:58.013000,/home,201,353
2026-04-17T11:02:58.779000,/api/v1/users,503,205
2026-04-17T11:03:02.614000,/home,401,1344
2026-04-17T11:03:07.204000,/checkout,400,971
2026-04-17T11:03:10.166000,/home,500
2026-04-17T11:03:12.854000,/api/v1/products,404,831
2026-04-17T11:03:13.630000,/checkout,200,315
2026-04-17T11:03:17.122000,/checkout,201,1150
2026-04-17T11:03:21.268000,/home,401,161
2026-04-17T11:03:21.334000,/cart,200,172
2026-04-17T11:03:23.182000,/checkout,400,633
ERROR: CONNECTION RESET BY PEER at 2026-04-17T11:03:27.318000
2026-04-17T11:03:27.754000,/api/v1/products,200,304
2026-04-17T11:03:29.516000,/api/v1/users,OK,1033
2026-04-17T11:03:33.209000,/home,403
2026-04-17T11:03:34.345000,/checkout,403,727
2026-04-17T11:03:36.736000,/home,200,127
2026-04-17T11:03:40.046000,/api/v1/products,301,1347
2026-04-17T11:03:43.924000,/cart,503,641
2026-04-17T11:03:47.800000,/checkout,401,599
2026-04-17T11:03:51.497000,/cart,400,1489
2026-04-17T11:03:54.397000,/api/v1/products,301,1300
ERROR: CONNECTION RESET BY PEER at 2026-04-17T11:03:58.519000
2026-04-17T11:04:02.724000,/api/v1/products,200,724
2026-04-17T11:04:02.806000,/api/v1/users,500,1164
2026-04-17T11:04:05.584000,/login,301,589
2026-04-17T11:04:08.768000,/home,500,396
2026-04-17T11:04:13.757000,/api/v1/users,502,876
2026-04-17T11:04:16.971000,/home,200,1373
2026-04-17T11:04:18.516000,/home,502,1459
2026-04-17T11:04:21.421000,/cart,503,1032
2026-04-17T11:04:22.933000,/cart,500,234
2026-04-17T11:04:24.294000,/checkout,200,713
2026-04-17T11:04:27.908000,/home,500,374
2026-04-17T11:04:30.963000,/login,200,450
2026-04-17T11:04:34.021000,/login,502,1365
2026-04-17T11:04:36.689000,/checkout,200,674
2026-04-17T11:04:40.426000,/cart,301,458
2026-04-17T11:04:44.278000,/home,200,466
17-04-2026 11:04:48,/api/v1/users,200,611
2026-04-17T11:04:53.709000,/api/v1/users,200,567
2026-04-17T11:04:57.761000,/checkout,200,1272
17-04-2026 11:04:57,/cart,200,1040
2026-04-17T11:04:58.455000,/home,200,1268
2026-04-17T11:05:01.374000,/login,502,1394
2026-04-17T11:05:04.026000,/api/v1/products,200,581
2026-04-17T11:05:04.734000,/api/v1/products,200,61
2026-04-17T11:05:05.003000,/cart,301,603
2026-04-17T11:05:09.664000,/login,403,1484
2026-04-17T11:05:11.046000,/checkout,201,189
2026-04-17T11:05:12.280000,/checkout,400,1226
2026-04-17T11:05:12.569000,/login,200,422
2026-04-17T11:05:17.098000,/home,403,606
2026-04-17T11:05:20.845000,/cart,400,375
2026-04-17T11:05:23.160000,/checkout,400,605
2026-04-17T11:05:27.730000,/login,200,935
2026-04-17T11:05:29.385000,/login,404,1234
2026-04-17T11:05:30.729000,/cart,400,1380
2026-04-17T11:05:34.254000,/checkout,502,1294
ERROR: CONNECTION RESET BY PEER at 2026-04-17T11:05:39.156000
2026-04-17T11:05:42.608000,/checkout,200,735
2026-04-17T11:05:45.973000,/api/v1/products,401,50
2026-04-17T11:05:46.590000,/checkout,403,1179
ERROR: CONNECTION RESET BY PEER at 2026-04-17T11:05:50.657000
2026-04-17T11:05:54.004000,/login,502,1410
2026-04-17T11:05:55.111000,/cart,401,916
2026-04-17T11:05:56.501000,/checkout,201,115
2026-04-17T11:06:00.666000,/api/v1/users,502
2026-04-17T11:06:02.866000,/cart,503,112
2026-04-17T11:06:06,/api/v1/users,200,931
2026-04-17T11:06:10.451000,/login,200,451
2026-04-17T11:06:12.948000,/api/v1/users,401,841
2026-04-17T11:06:17.339000,/cart,OK,451
2026-04-17T11:06:18.800000,/api/v1/users,502,1349
2026-04-17T11:06:21.701000,/api/v1/users,301,1096
2026-04-17T11:06:21.950000,/cart,502,1255
2026-04-17T11:06:24.472000,/checkout,200,1001
17-04-2026 11:06:24,/checkout,200,563
2026-04-17T11:06:28.376000,/checkout,201,865
2026-04-17T11:06:33.195000,/cart,200,986
2026-04-17T11:06:35.985000,/api/v1/users,301,561
2026-04-17T11:06:37.200000,/checkout,503,250
2026-04-17T11:06:37.405000,/api/v1/products,301,901
2026-04-17T11:06:40.346000,/cart,500,1069
2026-04-17T11:06:44.080000,/checkout,400,376
2026-04-17T11:06:46.634000,/login,200,1420
2026-04-17T11:06:47.999000,/api/v1/users,301,1049
ERROR: CONNECTION RESET BY PEER at 2026-04-17T11:06:49.657000
2026-04-17T11:06:51.579000,/api/v1/users,404,1005
2026-04-17T11:06:53.510000,/api/v1/products,200,1183
ERROR: CONNECTION RESET BY PEER at 2026-04-17T11:06:55.584000
2026-04-17T11:06:56.550000,/login,200,1376
2026-04-17T11:06:57.180000,/home,201,1168
2026-04-17T11:06:59.941000,/cart,404,129
2026-04-17T11:07:01.796000,/home,200,30
17-04-2026 11:07:02,/home,301,300
2026-04-17T11:07:06.425000,/home,400,1219
17-04-2026 11:07:11,/api/v1/users,200,946
2026-04-17T11:07:15.278000,/login,502,655
2026-04-17T11:07:20.249000,/login,404,1414
2026-04-17T11:07:21.843000,/login,200,541
2026-04-17T11:07:23.229000,/login,301,39
2026-04-17T11:07:26.802000,/home,200,57
2026-04-17T11:07:30.914000,/api/v1/users,301,940
2026-04-17T11:07:31.944000,/checkout,401
2026-04-17T11:07:32.180000,/checkout,400,365
2026-04-17T11:07:32.572000,/login,201,37
2026-04-17T11:07:37.558000,/checkout,200,667
2026-04-17T11:07:38.550000,/login,200,492
2026-04-17T11:07:40.174000,/api/v1/products,404,567
17-04-2026 11:07:40,/checkout,404,762
2026-04-17T11:07:45.036000,/login,301,922
2026-04-17T11:07:48.078000,/home,200,913
2026-04-17T11:07:52.522000,/cart,OK,92
2026-04-17T11:07:56.642000,/checkout,500,294
2026-04-17T11:08:01.225000,/cart,401,660
2026-04-17T11:08:01.328000,/cart,301,251
2026-04-17T11:08:04.014000,/checkout,200,487
2026-04-17T11:08:08.536000,/login,OK,751
2026-04-17T11:08:08.784000,/home,403,98
2026-04-17T11:08:12.511000,/home,400,461
2026-04-17T11:08:16.699000,/login,401,1084
2026-04-17T11:08:18.103000,/cart,500,538
2026-04-17T11:08:18.469000,/login,400,898
2026-04-17T11:08:19.048000,/login,200,153
2026-04-17T11:08:19.418000,/checkout,500,711
2026-04-17T11:08:21.157000,/cart,200,1403
2026-04-17T11:08:24.839000,/home,201,1218
2026-04-17T11:08:28.962000,/checkout,404,785
2026-04-17T11:08:32.848000,/login,400,874
2026-04-17T11:08:35.445000,/checkout,404,688
2026-04-17T11:08:37.590000,/home,OK,361
2026-04-17T11:08:41.355000,/checkout,200
2026-04-17T11:08:46.056000,/login,200,973
2026-04-17T11:08:46.216000,/api/v1/products,200,589
2026-04-17T11:08:47.489000,/home,200,942
2026-04-17T11:08:50.166000,/checkout,201,411
2026-04-17T11:08:50.234000,/api/v1/products,502,535
2026-04-17T11:08:54.099000,/checkout,200,1289
2026-04-17T11:08:57.174000,/home,200,161
2026-04-17T11:08:58.866000,/api/v1/products,401,129
2026-04-17T11:08:59.027000,/cart,502,184
2026-04-17T11:09:01.956000,/cart,200,361
2026-04-17T11:09:03.086000,/api/v1/products,200,1432
2026-04-17T11:09:04.473000,/login,502,859
2026-04-17T11:09:05.011000,/cart,401,227
2026-04-17T11:09:08.294000,/home,503,879
2026-04-17T11:09:10.525000,/home,200,676
2026-04-17T11:09:15.273000,/home,200,1211
2026-04-17T11:09:15.799000,/api/v1/users,502,231
2026-04-17T11:09:15.853000,/home,401,1133
2026-04-17T11:09:15.927000,/login,OK,589
2026-04-17T11:09:18.986000,/checkout,503,325
2026-04-17T11:09:19.217000,/home,401,260
2026-04-17T11:09:23.937000,/home,400,1131
2026-04-17T11:09:25.695000,/login,403,983
2026-04-17T11:09:27.778000,/cart,404,833
2026-04-17T11:09:30.304000,/login,403,644
2026-04-17T11:09:32.239000,/cart,200,507
17-04-2026 11:09:34,/api/v1/users,500,632
2026-04-17T11:09:36.434000,/login,404,127
2026-04-17T11:09:37.205000,/api/v1/products,502,1127
2026-04-17T11:09:38.718000,/api/v1/products,201,1330
2026-04-17T11:09:40.469000,/checkout,201,1241
2026-04-17T11:09:44.812000,/api/v1/products,400,150
2026-04-17T11:09:45.488000,/checkout,301,227
2026-04-17T11:09:50.175000,/home,502,672
2026-04-17T11:09:53.389000,/api/v1/users,200,696
2026-04-17T11:09:57.651000,/login,201,609
2026-04-17T11:10:01.447000,/cart,502,803
2026-04-17T11:10:04.597000,/home,200,248
2026-04-17T11:10:09.355000,/api/v1/products,400,105
2026-04-17T11:10:09.941000,/home,201,724
2026-04-17T11:10:13.838000,/api/v1/users,200,165
2026-04-17T11:10:18.566000,/api/v1/users,403,654
2026-04-17T11:10:21.586000,/api/v1/users,403,1307
2026-04-17T11:10:24.854000,/api/v1/products,200,493
2026-04-17T11:10:27.953000,/api/v1/users,400,559
2026-04-17T11:10:30.829000,/api/v1/users,200,1288
2026-04-17T11:10:30.989000,/checkout,400,945
2026-04-17T11:10:33.357000,/login,403,1040
2026-04-17T11:10:35.546000,/cart,500,823
ERROR: CONNECTION RESET BY PEER at 2026-04-17T11:10:36.442000
2026-04-17T11:10:36.549000,/home,200,1041
2026-04-17T11:10:40.277000,/api/v1/products,400,1368
2026-04-17T11:10:43.142000,/login,401,460
2026-04-17T11:10:45.938000,/login,301,60
2026-04-17T11:10:48.622000,/api/v1/products,201,78
2026-04-17T11:10:53.260000,/checkout,500,1489
2026-04-17T11:10:56.883000,/cart,200,1067
2026-04-17T11:10:59.123000,/api/v1/products,201,998
2026-04-17T11:11:03.865000,/home,403,467
2026-04-17T11:11:06.299000,/api/v1/users,200,207
2026-04-17T11:11:09.573000,/checkout,200,350
2026-04-17T11:11:13.927000,/login,502
2026-04-17T11:11:14.726000,/login,502,1125
2026-04-17T11:11:18.140000,/cart,200,593
2026-04-17T11:11:21.112000,/checkout,201,1220
ERROR: CONNECTION RESET BY PEER at 2026-04-17T11:11:23.419000
2026-04-17T11:11:26.376000,/home,403,1371
2026-04-17T11:11:29.035000,/api/v1/products,403,1201
2026-04-17T11:11:29.468000,/cart,200,1390
2026-04-17T11:11:30.552000,/api/v1/users,301,1339
2026-04-17T11:11:34.777000,/login,200
2026-04-17T11:11:36.925000,/login,400
2026-04-17T11:11:37.497000,/home,401,632
2026-04-17T11:11:41.203000,/checkout,502,1245
2026-04-17T11:11:44.033000,/login,200,406
2026-04-17T11:11:44.331000,/cart,200,22
2026-04-17T11:11:46.390000,/login,200,302
2026-04-17T11:11:47.776000,/api/v1/users,400,629
2026-04-17T11:11:47.975000,/cart,200,154
2026-04-17T11:11:48.201000,/login,200,86
2026-04-17T11:11:52.608000,/cart,400,256
2026-04-17T11:11:52.841000,/api/v1/users,404,1344
2026-04-17T11:11:57.411000,/api/v1/users,200,134
2026-04-17T11:12:00.333000,/login,200,395
2026-04-17T11:12:04.939000,/checkout,502,375
2026-04-17T11:12:09.145000,/api/v1/users,400,808
2026-04-17T11:12:12.323000,/login,403,761
2026-04-17T11:12:16.672000,/cart,401,134
2026-04-17T11:12:20.906000,/login,200,43
2026-04-17T11:12:22.468000,/home,404,77
2026-04-17T11:12:26.996000,/api/v1/products,401,696
2026-04-17T11:12:29.487000,/api/v1/users,201,751
2026-04-17T11:12:33.984000,/login,200,1486
2026-04-17T11:12:38.326000,/api/v1/users,200,235
2026-04-17T11:12:42.939000,/api/v1/products,401,290
2026-04-17T11:12:43.725000,/home,502,1236
2026-04-17T11:12:45.988000,/cart,200,67
2026-04-17T11:12:48.144000,/checkout,404,418
2026-04-17T11:12:49.175000,/login,201,1283
2026-04-17T11:12:51.328000,/cart,404,957
2026-04-17T11:12:53.330000,/api/v1/users,OK,764
2026-04-17T11:12:56.039000,/login,400
2026-04-17T11:12:57.813000,/login,502,198
2026-04-17T11:13:00.724000,/login,503,1058
ERROR: CONNECTION RESET BY PEER at 2026-04-17T11:13:03.133000
2026-04-17T11:13:07.091000,/home,200,971
2026-04-17T11:13:11.712000,/api/v1/users,400,29
2026-04-17T11:13:15.633000,/checkout,OK,526
2026-04-17T11:13:20.075000,/home,200,1487
2026-04-17T11:13:24.881000,/api/v1/products,200,86
2026-04-17T11:13:29.768000,/login,301,143
2026-04-17T11:13:31.493000,/home,200,549
2026-04-17T11:13:33.682000,/api/v1/users,503,1260
2026-04-17T11:13:36.927000,/api/v1/users,400,449
2026-04-17T11:13:40.589000,/api/v1/users,200,468
2026-04-17T11:13:42.487000,/cart,301,44
17-04-2026 11:13:46,/api/v1/users,301,376
2026-04-17T11:13:48.961000,/home,201,626
2026-04-17T11:13:51.495000,/login,502,776
2026-04-17T11:13:54.303000,/api/v1/products,301,1461
2026-04-17T11:13:57.078000,/checkout,301,286
2026-04-17T11:13:58.035000,/checkout,200,1299
17-04-2026 11:14:02,/api/v1/users,200,650
2026-04-17T11:14:04.523000,/home,200,717
2026-04-17T11:14:09.262000,/login,200,803
2026-04-17T11:14:10.316000,/home,200,729
2026-04-17T11:14:14.627000,/api/v1/users,200,1020
2026-04-17T11:14:15.819000,/login,201,549
2026-04-17T11:14:17.053000,/api/v1/products,500,295
2026-04-17T11:14:21.978000,/cart,200,654
2026-04-17T11:14:25.864000,/login,301,284
2026-04-17T11:14:27.887000,/login,200,111
2026-04-17T11:14:32.003000,/api/v1/users,502,1180
2026-04-17T11:14:36.005000,/login,404,345
2026-04-17T11:14:37.278000,/checkout,200,908
2026-04-17T11:14:41.818000,/login,200,704
2026-04-17T11:14:45.363000,/api/v1/products,OK,654
2026-04-17T11:14:48.982000,/login,301,157
2026-04-17T11:14:52.498000,/checkout,200,356
2026-04-17T11:14:53.803000,/cart,200,557
2026-04-17T11:14:53.925000,/login,200,1204
2026-04-17T11:14:54.306000,/login,400,850
17-04-2026 11:14:58,/checkout,200,1283
2026-04-17T11:14:58.837000,/cart,200,935
2026-04-17T11:15:03.063000,/home,201,812
2026-04-17T11:15:07.434000,/api/v1/products,301,989
2026-04-17T11:15:10.293000,/api/v1/products,200,796
2026-04-17T11:15:12.587000,/login,503,1463
2026-04-17T11:15:14.005000,/api/v1/products,503,392
2026-04-17T11:15:15.019000,/home,200,759
17-04-2026 11:15:18,/home,503,738
2026-04-17T11:15:21.790000,/checkout,201,1452
2026-04-17T11:15:25.309000,/login,200,227
2026-04-17T11:15:26,/checkout,502,918
2026-04-17T11:15:29.453000,/api/v1/users,500,698
2026-04-17T11:15:31.057000,/api/v1/products,201,465
2026-04-17T11:15:35.071000,/cart,200,294
2026-04-17T11:15:39.520000,/api/v1/users,500,1452
2026-04-17T11:15:39.545000,/cart,502,103
2026-04-17T11:15:42.640000,/login,503,966
2026-04-17T11:15:46.305000,/cart,400,769
2026-04-17T11:15:50.491000,/home,502,1429
2026-04-17T11:15:52.218000,/login,404,1378
2026-04-17T11:15:55.120000,/api/v1/products,502,1249
2026-04-17T11:15:58.964000,/api/v1/products,404,114
2026-04-17T11:15:59.123000,/api/v1/products,401,474
2026-04-17T11:15:59.728000,/login,301,72
2026-04-17T11:16:04.416000,/api/v1/products,201,58
2026-04-17T11:16:06.243000,/login,200,1191
2026-04-17T11:16:06.806000,/api/v1/products,200,1257
2026-04-17T11:16:08.853000,/api/v1/products,200,1041
2026-04-17T11:16:13.808000,/api/v1/users,301,721
2026-04-17T11:16:16.685000,/api/v1/products,401,1087
2026-04-17T11:16:19.100000,/api/v1/users,400,584
2026-04-17T11:16:23.363000,/checkout,201,515
2026-04-17T11:16:23.837000,/api/v1/products,201,387
2026-04-17T11:16:27.778000,/login,403,1373
2026-04-17T11:16:27.927000,/cart,400,1211
2026-04-17T11:16:30.975000,/api/v1/products,401,368
2026-04-17T11:16:34.003000,/api/v1/products,502,1025
2026-04-17T11:16:34.422000,/home,200,477
17-04-2026 11:16:37,/api/v1/products,200,139
2026-04-17T11:16:38.071000,/checkout,502,1219
2026-04-17T11:16:40.812000,/api/v1/products,503,1326
2026-04-17T11:16:41.998000,/api/v1/products,200,486
2026-04-17T11:16:44.782000,/home,200,192
2026-04-17T11:16:47.843000,/login,201,361
2026-04-17T11:16:49.306000,/cart,200,503
2026-04-17T11:16:51.585000,/login,404,837
2026-04-17T11:16:51.747000,/checkout,301,1062
2026-04-17T11:16:52.779000,/api/v1/products,200,963
2026-04-17T11:16:52.875000,/home,200,77
2026-04-17T11:16:53.342000,/cart,404,239
2026-04-17T11:16:56.477000,/login,301,456
2026-04-17T11:16:59.986000,/checkout,401,335
2026-04-17T11:17:00.861000,/api/v1/users,403,806
2026-04-17T11:17:04.992000,/api/v1/users,200,618
2026-04-17T11:17:05.559000,/api/v1/products,200,31
2026-04-17T11:17:08.593000,/api/v1/users,200,543
2026-04-17T11:17:12.826000,/api/v1/users,404,613
17-04-2026 11:17:16,/api/v1/products,200,125
2026-04-17T11:17:17.017000,/home,200,487
2026-04-17T11:17:17.061000,/api/v1/products,200,1485
2026-04-17T11:17:17.393000,/api/v1/users,201,790
2026-04-17T11:17:17.498000,/api/v1/users,201,559
2026-04-17T11:17:20.437000,/checkout,201,1379
2026-04-17T11:17:23.067000,/login,200,36
2026-04-17T11:17:23.187000,/checkout,200,563
2026-04-17T11:17:24.397000,/api/v1/users,403,1117
2026-04-17T11:17:28.920000,/home,502,350
2026-04-17T11:17:29.486000,/login,200,318
2026-04-17T11:17:33.961000,/api/v1/products,502,886
2026-04-17T11:17:35.208000,/login,503,211
2026-04-17T11:17:39.423000,/home,502,412
2026-04-17T11:17:42.111000,/api/v1/users,502,186
2026-04-17T11:17:44.406000,/checkout,403,597
2026-04-17T11:17:47.343000,/home,301,1376
2026-04-17T11:17:50.083000,/login,200,712
ERROR: CONNECTION RESET BY PEER at 2026-04-17T11:17:51.666000
ERROR: CONNECTION RESET BY PEER at 2026-04-17T11:17:56.062000
17-04-2026 11:18:01,/cart,503,206
2026-04-17T11:18:03.609000,/api/v1/products,401,430
2026-04-17T11:18:04.023000,/home,OK,1411
ERROR: CONNECTION RESET BY PEER at 2026-04-17T11:18:04.881000
17-04-2026 11:18:06,/api/v1/products,301,1466
ERROR: CONNECTION RESET BY PEER at 2026-04-17T11:18:09.397000
17-04-2026 11:18:11,/checkout,301,151
2026-04-17T11:18:12.148000,/api/v1/users,400,1266
2026-04-17T11:18:16.512000,/checkout,502
17-04-2026 11:18:20,/api/v1/products,503,1172
2026-04-17T11:18:21.328000,/api/v1/products,200,1449
2026-04-17T11:18:22.590000,/api/v1/products,301,382
2026-04-17T11:18:23.873000,/login,401,912
2026-04-17T11:18:25.088000,/api/v1/users,500,1393
2026-04-17T11:18:28.152000,/api/v1/users,500,1377
2026-04-17T11:18:32.138000,/cart,503,525
17-04-2026 11:18:33,/checkout,200,1177
2026-04-17T11:18:36.631000,/checkout,200,972
2026-04-17T11:18:41.059000,/login,200,661
2026-04-17T11:18:41.603000,/login,200,1140
2026-04-17T11:18:44.870000,/checkout,502,488
2026-04-17T11:18:46.855000,/api/v1/products,502,1324
2026-04-17T11:18:47.833000,/cart,200,398
2026-04-17T11:18:49.134000,/cart,400,1236
2026-04-17T11:18:52.662000,/login,200,1182
2026-04-17T11:18:56.205000,/api/v1/users,400,1045
2026-04-17T11:18:59.973000,/checkout,200,573
2026-04-17T11:19:02.645000,/cart,200,1295
2026-04-17T11:19:06.516000,/login,200,194
2026-04-17T11:19:06.554000,/api/v1/products,503,1277
2026-04-17T11:19:07.438000,/cart,200,149
2026-04-17T11:19:08.614000,/cart,200,87
2026-04-17T11:19:11.654000,/login,403,1125
2026-04-17T11:19:13.848000,/cart,200,459
2026-04-17T11:19:17.657000,/login,200,248
2026-04-17T11:19:19.372000,/login,301,1272
2026-04-17T11:19:23.677000,/checkout,502,390
2026-04-17T11:19:26.352000,/checkout,404,778
2026-04-17T11:19:29.477000,/checkout,404,48
2026-04-17T11:19:33.171000,/api/v1/users,404,126
2026-04-17T11:19:33.565000,/home,502,1237
2026-04-17T11:19:34.984000,/cart,200,568
2026-04-17T11:19:39.631000,/api/v1/products,200,1166
2026-04-17T11:19:44.095000,/login,200,1009
2026-04-17T11:19:45.053000,/cart,301,1262
2026-04-17T11:19:45.410000,/cart,OK,1133
2026-04-17T11:19:49.693000,/api/v1/products,401,1449
2026-04-17T11:19:53.348000,/cart,200,891
2026-04-17T11:19:56.112000,/checkout,200,679
2026-04-17T11:19:57.051000,/api/v1/users,201,317
2026-04-17T11:19:59.784000,/api/v1/users,301,373
2026-04-17T11:20:01.348000,/login,404,197
2026-04-17T11:20:04.981000,/checkout,503,219
2026-04-17T11:20:09.146000,/api/v1/users,301,65
2026-04-17T11:20:10.937000,/api/v1/products,201,657
2026-04-17T11:20:14.719000,/login,200,192
ERROR: CONNECTION RESET BY PEER at 2026-04-17T11:20:18.583000
2026-04-17T11:20:20.440000,/api/v1/products,200,1062
2026-04-17T11:20:20.517000,/api/v1/products,200,1168
ERROR: CONNECTION RESET BY PEER at 2026-04-17T11:20:24.436000
2026-04-17T11:20:25.397000,/api/v1/products,503,809
2026-04-17T11:20:27.360000,/login,503,1238
2026-04-17T11:20:29.697000,/home,401,880
2026-04-17T11:20:31.983000,/cart,502,1458
2026-04-17T11:20:33.675000,/checkout,404,1142
2026-04-17T11:20:35.795000,/login,200,449
2026-04-17T11:20:37.749000,/cart,201,34
2026-04-17T11:20:41.099000,/login,400,161
17-04-2026 11:20:41,/api/v1/users,500,1032
2026-04-17T11:20:42.152000,/api/v1/products,500,335
ERROR: CONNECTION RESET BY PEER at 2026-04-17T11:20:42.422000
2026-04-17T11:20:45.442000,/home,503,692
2026-04-17T11:20:46.123000,/api/v1/users,200,1006
2026-04-17T11:20:49.642000,/cart,OK,692
2026-04-17T11:20:51.148000,/checkout,201,1324
2026-04-17T11:20:54.179000,/api/v1/users,503,973
2026-04-17T11:20:56.514000,/cart,200,1143
2026-04-17T11:21:00.649000,/api/v1/products,403,818
ERROR: CONNECTION RESET BY PEER at 2026-04-17T11:21:04.175000
2026-04-17T11:21:06.724000,/cart,200,629
2026-04-17T11:21:08.929000,/checkout,200,881
2026-04-17T11:21:12.890000,/login,404,832
2026-04-17T11:21:16.911000,/api/v1/products,403,309
2026-04-17T11:21:17.915000,/cart,502,358
2026-04-17T11:21:22.428000,/login,200,181
2026-04-17T11:21:24.017000,/login,200,1291
2026-04-17T11:21:28.211000,/cart,400,68
2026-04-17T11:21:28.689000,/api/v1/users,502,897
2026-04-17T11:21:28.977000,/login,403,1058
2026-04-17T11:21:31.902000,/login,404,106
2026-04-17T11:21:32.777000,/home,400,714
2026-04-17T11:21:35.898000,/login,201,735
2026-04-17T11:21:37.946000,/home,301,509
2026-04-17T11:21:40.766000,/login,200,617
2026-04-17T11:21:42.537000,/cart,500,1166
2026-04-17T11:21:45.414000,/login,500,778
2026-04-17T11:21:47.188000,/checkout,500,58
2026-04-17T11:21:50.165000,/checkout,200,339
17-04-2026 11:21:50,/cart,200,1050
2026-04-17T11:21:54.987000,/home,403,1494
2026-04-17T11:21:55.868000,/checkout,200,1158
2026-04-17T11:21:59.225000,/home,502,223
2026-04-17T11:22:03.358000,/cart,201,1453
2026-04-17T11:22:06.397000,/api/v1/users,200,933
2026-04-17T11:22:10.634000,/login,200,102
2026-04-17T11:22:14.014000,/checkout,301,156
2026-04-17T11:22:15.419000,/checkout,404,22
2026-04-17T11:22:16.429000,/cart,200,469
2026-04-17T11:22:17.720000,/cart,404,570
2026-04-17T11:22:21.969000,/cart,500,1314
2026-04-17T11:22:22.207000,/checkout,400,1206
2026-04-17T11:22:26.534000,/checkout,200,1075
2026-04-17T11:22:30.077000,/cart,500,1120
2026-04-17T11:22:33.154000,/checkout,200,1479
ERROR: CONNECTION RESET BY PEER at 2026-04-17T11:22:35.886000
2026-04-17T11:22:36.933000,/api/v1/products,403,1272
2026-04-17T11:22:37.444000,/home,301,405
2026-04-17T11:22:39.080000,/home,503,1018
17-04-2026 11:22:42,/home,403,1248
ERROR: CONNECTION RESET BY PEER at 2026-04-17T11:22:47.148000
2026-04-17T11:22:48.340000,/api/v1/users,201
2026-04-17T11:22:51.126000,/api/v1/products,404,842
