table,column1,column2,column3,column4,column5,column6,column7,column8
categories,name
categories,Fiction
categories,Non-Fiction
categories,Science
categories,History
categories,Technology
authors,full_name,country
authors,Isabel Allende,Chile
authors,Gabriel Garcia Marquez,Colombia
authors,Ursula K. Le Guin,United States
authors,Haruki Murakami,Japan
authors,Chinua Achebe,Nigeria
authors,Margaret Atwood,Canada
authors,Isaac Asimov,United States
authors,Alain Mabanckou,Congo
books,isbn,title,publication_year,category_id
books,9780553382563,The House of the Spirits,1982,1
books,9780060883287,One Hundred Years of Solitude,1967,1
books,9780547773746,The Left Hand of Darkness,1969,1
books,9780375718946,Kafka on the Shore,2002,1
books,9780385474542,Things Fall Apart,1958,1
books,9780385491027,Sapiens,2011,3
books,9780141989671,A Brief History of Time,1988,3
books,9780465026562,Guns Germs and Steel,1997,4
books,9780061120084,A Short History of Nearly Everything,2003,4
books,9780131103627,The Art of Computer Programming,1968,5
books,9780596007126,Head First Design Patterns,2004,5
books,9780451524935,The Handmaid s Tale,1985,1
book_authors,author_id,book_id
book_authors,1,1
book_authors,2,2
book_authors,3,3
book_authors,4,4
book_authors,5,5
book_authors,6,12
book_authors,7,10
book_authors,7,11
book_authors,2,6
book_authors,3,7
book_authors,4,8
book_authors,1,9
book_authors,8,1
book_authors,8,2
book_authors,8,12
members,full_name,email,join_date
members,Carlos Mendoza,carlos.mendoza@email.com,2025-03-15
members,Ana Lopez,ana.lopez@email.com,2025-06-01
members,Roger Smith,roger.smith@email.com,2025-09-20
members,Maria Torres,maria.torres@email.com,2026-01-10
members,Luis Fernandez,luis.fernandez@email.com,2025-11-05
members,Sofia Rivera,sofia.rivera@email.com,2026-02-14
members,Pedro Ramirez,pedro.ramirez@email.com,2024-12-01
members,Elena Garcia,elena.garcia@email.com,2026-04-22
members,James Wright,james.wright@email.com,2025-07-30
members,Clara Jimenez,clara.jimenez@email.com,2026-06-15
loans,book_id,member_id,loan_date,due_date,return_date,fine_amount
loans,1,3,2026-07-01,2026-07-30,2026-07-28,0.0
loans,2,5,2026-07-05,2026-08-04,,0.0
loans,3,1,2026-07-10,2026-08-09,2026-08-07,0.0
loans,4,7,2026-07-15,2026-08-14,,0.0
loans,5,2,2026-07-20,2026-08-19,2026-08-18,0.0
loans,6,4,2026-06-01,2026-07-01,2026-06-28,0.0
loans,7,6,2026-06-10,2026-07-10,,0.0
loans,8,8,2026-06-20,2026-07-20,2026-07-15,0.0
loans,9,9,2026-05-01,2026-05-31,,2.50
loans,10,10,2026-05-10,2026-06-09,,3.00
loans,11,1,2026-05-20,2026-06-19,,1.75
loans,12,3,2026-04-15,2026-05-15,2026-05-10,0.0
loans,1,7,2026-04-20,2026-05-20,2026-05-18,0.0
loans,4,10,2026-03-01,2026-03-31,,5.00
loans,6,5,2026-07-25,2026-08-24,,0.0